gene	cna
CDK11A	del
CDK11A	amp
SKI	del
SKI	amp
TNFRSF14	del
TNFRSF14	amp
GS_077	del
GS_077	amp
KIF1B	del
KIF1B	amp
MTOR	del
MTOR	amp
PRDM2	del
PRDM2	amp
SPEN	del
SPEN	amp
SDHB	del
SDHB	amp
PAX7	del
PAX7	amp
UBR4	del
UBR4	amp
WNT4	del
WNT4	amp
EPHB2	del
EPHB2	amp
GS_034	del
GS_034	amp
ARID1A	del
ARID1A	amp
SNIP1	del
SNIP1	amp
BMP8B	del
BMP8B	amp
MYCL	del
MYCL	amp
MPL	del
MPL	amp
MUTYH	del
MUTYH	amp
CDKN2C	del
CDKN2C	amp
PRKAA2	del
PRKAA2	amp
GI_086	del
GI_086	amp
JUN	del
JUN	amp
GI_048	del
GI_048	amp
JAK1	del
JAK1	amp
LD_004_R	del
LD_004_R	amp
DPYD	del
DPYD	amp
GS_076	del
GS_076	amp
SORT1	del
SORT1	amp
CS_022	del
CS_022	amp
NRAS	del
NRAS	amp
TSHB	del
TSHB	amp
FAM46C	del
FAM46C	amp
NOTCH2	del
NOTCH2	amp
BCL9	amp
MCL1	amp
S100A9	amp
TPM3	amp
NTRK1	amp
SPTA1	amp
GI_030	amp
SDHC	amp
DDR2	amp
RXRG	amp
LoGC_03	amp
LHX4	amp
PTGS2	amp
CDC73	amp
CDC73	del
SQ_005_R	amp
SQ_005_R	del
CACNA1S	amp
CACNA1S	del
MDM4	amp
MDM4	del
GI_097	amp
GI_097	del
IKBKE	amp
IKBKE	del
SRP9	amp
H3F3A	amp
WNT9A	amp
GS_015	amp
EGLN1	amp
SD_002_R	amp
SD_002_R	del
GS_062	amp
GS_062	del
CHRM3	amp
CHRM3	del
FH	amp
AKT3	amp
HNRNPU	amp
SH_008_R	amp
SH_008_R	del
GS_016	amp
GS_016	del
GS_101	del
GS_101	amp
GS_012	del
GS_012	amp
MYCN	del
MYCN	amp
GS_027	del
GS_027	amp
ATAD2B	del
ATAD2B	amp
POMC	del
POMC	amp
DNMT3A	del
DNMT3A	amp
ALK	del
ALK	amp
GS_010	del
GS_010	amp
GS_059	del
GS_059	amp
SOS1	del
SOS1	amp
GS_058	amp
GS_058	del
SIX3	amp
EPAS1	amp
EPCAM	amp
EPCAM	del
MSH2	amp
BAT26	amp
BAT26	del
MSH6	amp
D2S123	amp
FANCL	amp
XPO1	amp
RAB1A	amp
GI_094	amp
TCF7L1	amp
GS_003	amp
TMEM127	amp
GS_024	amp
GLI2	amp
GLI2	del
VLGC_09	amp
VLGC_09	del
LRP1B	amp
LRP1B	del
GS_033	amp
GS_033	del
GS_023	amp
GS_023	del
LRP2	amp
LRP2	del
PDK1	amp
PDK1	del
MLTK	amp
MLTK	del
NFE2L2	amp
NFE2L2	del
HiGC_03	amp
HiGC_03	del
STAT4	amp
STAT4	del
SF3B1	amp
SF3B1	del
AOX1	amp
AOX1	del
BMPR2	amp
BMPR2	del
IDH1	del
IDH1	amp
ERBB4	amp
ERBB4	del
GS_092	amp
GS_092	del
BARD1	amp
BARD1	del
IGFBP5	amp
IGFBP5	del
CS_462	amp
CS_462	del
GS_072	amp
GS_072	del
UGT1A1	amp
UGT1A1	del
GS_087	del
GS_087	amp
FANCD2	del
FANCD2	amp
VHL	del
VHL	amp
RAF1	del
RAF1	amp
TMEM43	del
TMEM43	amp
NR2C2	del
NR2C2	amp
TGFBR2	del
TGFBR2	amp
DCLK3	del
DCLK3	amp
MLH1	del
MLH1	amp
MYD88	del
MYD88	amp
CTNNB1	del
CTNNB1	amp
GS_009	del
GS_009	amp
SETD2	del
SETD2	amp
BAP1	del
BAP1	amp
PBRM1	del
PBRM1	amp
HESX1	del
HESX1	amp
GS_096	del
GS_096	amp
MITF	del
MITF	amp
SH_005_R	del
SH_005_R	amp
ZNF717	amp
ZNF717	del
POU1F1	del
POU1F1	amp
EPHA3	del
EPHA3	amp
TFG	del
TFG	amp
GS_022	del
GS_022	amp
GSK3B	del
GSK3B	amp
GATA2	del
GATA2	amp
EPHB1	del
EPHB1	amp
PIK3CB	del
PIK3CB	amp
FOXL2	del
FOXL2	amp
ATR	del
ATR	amp
HiGC_08	del
HiGC_08	amp
SSR3	del
SSR3	amp
TERC	del
TERC	amp
CLDN11	del
CLDN11	amp
ST_003_R	del
ST_003_R	amp
GI_049	del
GI_049	amp
GS_043	del
GS_043	amp
PIK3CA	del
PIK3CA	amp
SOX2	del
SOX2	amp
KLHL6	del
KLHL6	amp
BCL6	del
BCL6	amp
GS_035	del
GS_035	amp
GS_069	del
GS_069	amp
KIAA0226	del
KIAA0226	amp
FGFR3	del
FGFR3	amp
CRMP1	del
CRMP1	amp
SLIT2	del
SLIT2	amp
GS_061	del
GS_061	amp
GS_082	del
GS_082	amp
GS_020	del
GS_020	amp
CS_585	del
CS_585	amp
PDGFRA	del
PDGFRA	amp
KIT	del
KIT	amp
BAT25	del
BAT25	amp
KDR	del
KDR	amp
EPHA5	del
EPHA5	amp
GNRHR	del
GNRHR	amp
UGT2B7	del
UGT2B7	amp
PRDM8	del
PRDM8	amp
ST_005_R	del
ST_005_R	amp
DSPP	del
DSPP	amp
CENPE	del
CENPE	amp
TET2	del
TET2	amp
EGF	del
EGF	amp
NEUROG2	del
NEUROG2	amp
FGF2	del
FGF2	amp
GS_017	del
GS_017	amp
SQ_009_R	del
SQ_009_R	amp
GS_051	del
GS_051	amp
FBXW7	del
FBXW7	amp
GS_002	del
GS_002	amp
GI_070	del
GI_070	amp
PALLD	del
PALLD	amp
HPGD	del
HPGD	amp
FAT1	del
FAT1	amp
SD_001_R	del
SD_001_R	amp
SDHA	amp
SDHA	del
TERT	amp
TERT	del
GS_075	del
GS_075	amp
PRLR	amp
PRLR	del
IL7R	amp
IL7R	del
RICTOR	amp
RICTOR	del
FBXO4	amp
FBXO4	del
GS_032	amp
GS_032	del
FGF10	amp
FGF10	del
MAP3K1	del
MAP3K1	amp
ADAMTS6	del
ADAMTS6	amp
MAST4	del
MAST4	amp
GS_053	del
GS_053	amp
PIK3R1	del
PIK3R1	amp
CCNB1	del
OCLN	del
SD_006_R	del
GI_006	del
GI_074	del
GI_074	amp
CHD1	del
CHD1	amp
APC	del
APC	amp
D5S346	del
D5S346	amp
MCC	del
MCC	amp
LoGC_01	del
LoGC_01	amp
RAD50	del
RAD50	amp
CTNNA1	del
CTNNA1	amp
NR3C1	del
NR3C1	amp
GS_065	del
GS_065	amp
CSF1R	del
CSF1R	amp
PDGFRB	del
PDGFRB	amp
GS_057	del
GS_057	amp
PTTG1	del
PTTG1	amp
GS_021	del
GS_021	amp
RARS	amp
RARS	del
NPM1	amp
NPM1	del
FGFR4	amp
FGFR4	del
PROP1	amp
PROP1	del
VHGC_15	amp
VHGC_15	del
FLT4	amp
FLT4	del
IRF4	del
IRF4	amp
TPMT	del
TPMT	amp
GS_066	del
GS_066	amp
CS_641	del
CS_641	amp
DPCR1	del
DPCR1	amp
CYP21A2	del
CYP21A2	amp
DAXX	del
DAXX	amp
HMGA1	del
HMGA1	amp
FANCE	del
FANCE	amp
CDKN1A	del
CDKN1A	amp
CS_648	del
CS_648	amp
CCND3	amp
CCND3	del
GS_042	amp
GS_042	del
VEGFA	amp
VEGFA	del
DST	amp
DST	del
SH_006_R	del
SH_006_R	amp
CGA	del
CGA	amp
GS_041	del
GS_041	amp
GS_067	del
GS_067	amp
PRDM1	amp
PRDM1	del
CS_653	amp
CS_653	del
SNX3	amp
SNX3	del
CS_654	del
CS_654	amp
WISP3	del
WISP3	amp
ROS1	del
ROS1	amp
MAN1A1	del
MAN1A1	amp
TNFAIP3	del
TNFAIP3	amp
LQ_003_R	del
LQ_003_R	amp
LD_003_R	del
LD_003_R	amp
ESR1	del
ESR1	amp
VLGC_06	del
VLGC_06	amp
GS_014	del
GS_014	amp
SH_010_R	del
SH_010_R	amp
HiGC_02	amp
CARD11	amp
PMS2	amp
PMS2	del
RAC1	amp
RAC1	del
AHR	amp
AHR	del
LT_019_R	amp
LT_019_R	del
SD_003_R	amp
INHBA	amp
OGDH	amp
NACAD	amp
IKZF1	amp
EGFR	amp
GS_047	del
GS_047	amp
HGF	del
HGF	amp
DBF4	amp
CDK6	amp
SD_004_R	amp
GS_080	del
GS_080	amp
RASA4	del
RASA4	amp
GS_050	del
GS_050	amp
PIK3CG	del
PIK3CG	amp
GS_046	del
GS_046	amp
MET	del
MET	amp
SMO	del
SMO	amp
TBXAS1	del
TBXAS1	amp
BRAF	del
BRAF	amp
MGAM	del
MGAM	amp
EZH2	del
EZH2	amp
GI_093	del
GI_093	amp
KMT2C	del
KMT2C	amp
SHH	del
SHH	amp
LQ_008_R	del
LQ_008_R	amp
GS_084	del
GS_084	amp
LH_009_R	amp
LH_009_R	del
CCAR2	del
CCAR2	amp
NKX3-1	del
NKX3-1	amp
ZNF703	del
ZNF703	amp
GPR124	del
GPR124	amp
FGFR1	del
FGFR1	amp
KAT6A	del
KAT6A	amp
PRKDC	del
PRKDC	amp
CHD7	amp
CHD7	del
GS_011	amp
GS_011	del
LoGC_04	amp
LoGC_04	del
ST_008_R	amp
ST_008_R	del
GS_013	del
GS_013	amp
NBN	del
NBN	amp
LD_001_R	amp
LD_001_R	del
GS_102	amp
GS_102	del
LT_001_R	amp
LT_001_R	del
MYC	amp
MYC	del
GS_055	amp
GS_055	del
chr8:143740227-143747517	amp
chr8:143740227-143747517	del
PARP10	amp
PARP10	del
JAK2	del
JAK2	amp
CDKN2A	del
CDKN2A	amp
CDKN2B	del
CDKN2B	amp
GS_088	del
GS_088	amp
FANCG	del
FANCG	amp
PAX5	del
PAX5	amp
GS_007	del
GS_007	amp
GNAQ	amp
GNAQ	del
NTRK2	amp
NTRK2	del
GS_004	amp
GS_004	del
GADD45G	amp
GADD45G	del
LH_008_R	amp
LH_008_R	del
GS_037	amp
GS_037	del
FANCC	amp
FANCC	del
GS_089	amp
GS_089	del
PTCH1	amp
PTCH1	del
SH_003_R	amp
SH_003_R	del
CS_766	amp
CS_766	del
VHGC_11	amp
VHGC_11	del
LHX2	amp
LHX2	del
ABL1	amp
ABL1	del
TSC1	amp
TSC1	del
REXO4	amp
REXO4	del
LHX3	amp
LHX3	del
NOTCH1	amp
NOTCH1	del
EGFL7	amp
EGFL7	del
GRIN1	amp
GRIN1	del
LQ_001_R	del
LQ_001_R	amp
GATA3	del
GATA3	amp
GS_068	del
GS_068	amp
GS_040	del
GS_040	amp
RAB18	del
RAB18	amp
RET	amp
RET	del
SIRT1	del
SIRT1	amp
SUPV3L1	del
SUPV3L1	amp
BMPR1A	del
BMPR1A	amp
CS_075	del
CS_075	amp
PTEN	del
PTEN	amp
LD_100_R	del
LD_100_R	amp
FGF8	del
FGF8	amp
SUFU	del
SUFU	amp
FGFR2	del
FGFR2	amp
MGMT	del
MGMT	amp
HRAS	del
HRAS	amp
VHGC_17	del
VHGC_17	amp
TH	del
TH	amp
OR51B4	del
OR51B4	amp
FANCF	del
FANCF	amp
GS_081	del
GS_081	amp
FSHB	del
FSHB	amp
GS_019	del
GS_019	amp
PAX6	del
PAX6	amp
WT1	del
WT1	amp
GS_100	del
GS_100	amp
OSBP	del
OSBP	amp
SDHAF2	del
SDHAF2	amp
MEN1	del
MEN1	amp
CAPN1	del
CAPN1	amp
AIP	del
AIP	amp
CCND1	amp
CCND1	del
FGF19	amp
FGF19	del
FGF4	amp
FGF4	del
FGF3	amp
FGF3	del
UCP3	amp
UCP3	del
C2CD3	amp
C2CD3	del
C11orf30	amp
C11orf30	del
GS_078	amp
GS_078	del
MRE11A	amp
MRE11A	del
PDGFD	del
PDGFD	amp
ATM	del
ATM	amp
SDHD	del
SDHD	amp
NCAM1	del
NCAM1	amp
KMT2A	del
KMT2A	amp
CBL	del
CBL	amp
GI_099	del
GI_099	amp
CHEK1	del
CHEK1	amp
GI_045	del
GI_045	amp
KDM5A	del
KDM5A	amp
CCND2	del
CCND2	amp
FGF23	del
FGF23	amp
FGF6	del
FGF6	amp
KCNA5	del
KCNA5	amp
CI_019	del
CI_019	amp
PRB3	del
PRB3	amp
CDKN1B	del
CDKN1B	amp
GRIN2B	del
GRIN2B	amp
KRAS	amp
KRAS	del
VLGC_01	del
VLGC_01	amp
GS_026	del
GS_026	amp
ARID2	del
ARID2	amp
SQ_006_R	del
SQ_006_R	amp
KMT2D	del
KMT2D	amp
ERBB3	del
ERBB3	amp
CDK4	del
CDK4	amp
WIF1	del
WIF1	amp
HMGA2	del
HMGA2	amp
MDM2	del
MDM2	amp
GS_091	del
GS_091	amp
VLGC_02	del
VLGC_02	amp
SOCS2	del
SOCS2	amp
GS_052	del
GS_052	amp
CS_203	del
CS_203	amp
PTPN11	del
PTPN11	amp
TESC	del
TESC	amp
HNF1A	del
HNF1A	amp
CDK2AP1	del
CDK2AP1	amp
LoGC_02	del
LoGC_02	amp
MMP17	del
MMP17	amp
LATS2	del
LATS2	amp
CDK8	del
CDK8	amp
FLT3	del
FLT3	amp
FLT1	amp
FLT1	del
LH_006_R	amp
LH_006_R	del
HMGB1	amp
HMGB1	del
BRCA2	amp
BRCA2	del
LoGC_05	amp
LoGC_05	del
RB1	del
RB1	amp
GS_095	amp
GS_095	del
LT_013_R	amp
LT_013_R	del
GS_001	del
GS_001	amp
FGF14	del
FGF14	amp
GS_025	del
GS_025	amp
IRS2	del
IRS2	amp
BCL2L2	del
BCL2L2	amp
NFKBIA	amp
NFKBIA	del
NKX2-1	amp
NKX2-1	del
FOXA1	amp
FOXA1	del
FANCM	amp
FANCM	del
GS_038	amp
GS_038	del
BMP4	del
BMP4	amp
LGALS3	del
LGALS3	amp
OTX2	del
OTX2	amp
SIX6	del
SIX6	amp
HIF1A	del
HIF1A	amp
ESR2	del
ESR2	amp
MAX	del
MAX	amp
TSHR	del
TSHR	amp
GS_056	del
GS_056	amp
DICER1	del
DICER1	amp
HSP90AA1	del
HSP90AA1	amp
HiGC_09	del
HiGC_09	amp
AKT1	del
AKT1	amp
GS_031	del
GS_031	amp
GREM1	del
GREM1	amp
RAD51	del
RAD51	amp
USP8	del
USP8	amp
CYP19A1	del
CYP19A1	amp
MYO5A	del
MYO5A	amp
GS_073	del
GS_073	amp
VHGC_12	del
VHGC_12	amp
MAP2K1	del
MAP2K1	amp
LOXL1	del
LOXL1	amp
ADAMTS7	del
ADAMTS7	amp
NTRK3	del
NTRK3	amp
IDH2	del
IDH2	amp
ST_004_R	del
ST_004_R	amp
BLM	del
BLM	amp
GS_039	del
GS_039	amp
GS_079	del
GS_079	amp
IGF1R	del
IGF1R	amp
CACNA1H	del
CACNA1H	amp
TSC2	del
TSC2	amp
CS_278	del
CS_278	amp
CREBBP	del
CREBBP	amp
GRIN2A	del
GRIN2A	amp
SOCS1	del
SOCS1	amp
PALB2	del
PALB2	amp
SH_004_R	del
SH_004_R	amp
ARMC5	del
ARMC5	amp
GS_083	amp
GS_083	del
MMP2	amp
MMP2	del
NUP93	amp
NUP93	del
NDRG4	amp
NDRG4	del
CBFB	del
CBFB	amp
CTCF	del
CTCF	amp
CDH1	del
CDH1	amp
ZFHX3	del
ZFHX3	amp
LH_011_R	amp
LH_011_R	del
GI_085	amp
GI_085	del
DNAAF1	del
DNAAF1	amp
MAP1LC3B	del
MAP1LC3B	amp
FANCA	del
FANCA	amp
GS_090	del
GS_090	amp
RPA1	del
RPA1	amp
TP53	del
TP53	amp
AURKB	del
AURKB	amp
MAP2K4	del
MAP2K4	amp
GS_063	del
GS_063	amp
ATPAF2	del
ATPAF2	amp
GID4	del
GID4	amp
PROCA1	amp
PROCA1	del
NF1	amp
NF1	del
RAD51D	amp
RAD51D	del
CDK12	amp
CDK12	del
ERBB2	amp
ERBB2	del
RARA	amp
RARA	del
TOP2A	amp
TOP2A	del
CS_341	amp
CS_341	del
STAT3	amp
STAT3	del
ATP6V0A1	amp
ATP6V0A1	del
CCR10	amp
CCR10	del
BRCA1	amp
BRCA1	del
NFE2L1	del
NFE2L1	amp
HOXB13	del
HOXB13	amp
SPOP	amp
SPOP	del
NME2	del
NME2	amp
RNF43	del
RNF43	amp
RAD51C	del
RAD51C	amp
SQ_004_R	amp
SQ_004_R	del
BRIP1	amp
BRIP1	del
CD79B	del
CD79B	amp
GNA13	del
GNA13	amp
PRKAR1A	amp
PRKAR1A	del
SOX9	amp
SOX9	del
CDK3	amp
CDK3	del
RPTOR	amp
RPTOR	del
PYCR1	amp
PYCR1	del
GS_036	del
GS_036	amp
VHGC_13	del
VHGC_13	amp
GS_029	del
GS_029	amp
CS_363	del
CS_363	amp
SMAD2	del
SMAD2	amp
SMAD4	del
SMAD4	amp
BCL2	del
BCL2	amp
SQ_002_R	del
SQ_002_R	amp
VLGC_10	del
VLGC_10	amp
LQ_005_R	del
LQ_005_R	amp
STK11	del
STK11	amp
DOT1L	del
DOT1L	amp
GADD45B	del
GADD45B	amp
GNA11	del
GNA11	amp
MAP2K2	del
MAP2K2	amp
CS_383	del
CS_383	amp
KEAP1	del
KEAP1	amp
SMARCA4	del
SMARCA4	amp
PRDX2	del
PRDX2	amp
GS_054	del
GS_054	amp
NOTCH3	del
NOTCH3	amp
TPM4	del
TPM4	amp
JAK3	del
JAK3	amp
PIK3R2	del
PIK3R2	amp
MEF2B	del
MEF2B	amp
CCNE1	amp
CCNE1	del
CEBPA	amp
CEBPA	del
MAG	amp
MAG	del
RYR1	amp
RYR1	del
ACTN4	amp
ACTN4	del
AKT2	del
AKT2	amp
LTBP4	del
LTBP4	amp
AXL	del
AXL	amp
CD79A	del
CD79A	amp
CIC	del
CIC	amp
BBC3	del
BBC3	amp
BAX	del
BAX	amp
LHB	del
LHB	amp
GS_064	del
GS_064	amp
PPP2R1A	del
PPP2R1A	amp
LQ_007_R	amp
LQ_007_R	del
SNAP25	amp
SNAP25	del
LH_005_R	amp
LH_005_R	del
ASXL1	amp
ASXL1	del
SRC	amp
SRC	del
TOP1	amp
TOP1	del
JPH2	amp
JPH2	del
MMP9	amp
MMP9	del
ZNF217	amp
AURKA	amp
GNAS	amp
ARFRP1	amp
ARFRP1	del
CXADR	del
CXADR	amp
SD_005_R	del
SD_005_R	amp
CS_471	del
CS_471	amp
SON	del
SON	amp
RUNX1	del
RUNX1	amp
ERG	del
MX2	del
U2AF1	del
CRKL	del
CRKL	amp
MAPK1	del
MAPK1	amp
SQ_001_R	del
SQ_001_R	amp
SMARCB1	del
SMARCB1	amp
GS_060	del
GS_060	amp
ADRBK2	del
ADRBK2	amp
CHEK2	del
CHEK2	amp
NF2	del
NF2	amp
TRIOBP	del
TRIOBP	amp
SOX10	del
SOX10	amp
EP300	del
EP300	amp
CYP2D6	del
CYP2D6	amp
