Hugo_Symbol	Locus_ID	Cytoband	EAC001	EAC002	EAC003	EAC004	EAC005	EAC006	EAC007	EAC008	EAC009	EAC063	EAC010	EAC011	EAC012	EAC013	EAC014	EAC015	EAC016	EAC017	EAC018	EAC019	EAC020	EAC021	EAC022	EAC023	EAC024	EAC025	EAC026	EAC027	EAC028	EAC029	EAC030	EAC031	EAC032	EAC033	EAC034	EAC035	EAC036	EAC037	EAC038	EAC039	EAC040	EAC041	EAC042	EAC043	EAC044	EAC045	EAC046	EAC047	EAC048	EAC049	EAC050	EAC051	EAC052	EAC053	EAC054	EAC055	EAC056	EAC057	EAC058	EAC059	EAC060	EAC061	EAC062	EAC064
CDK11A	0	1p	0	0	0	0	-1	0	-2	0	1	0	0	-1	0	-1	0	0	0	0	0	0	0	0	1	0	0	0	-1	1	0	0	0	-1	0	0	0	1	0	-1	0	1	0	0	0	0	0	1	-2	0	-1	1	0	1	0	0	1	1	-1	0	-1	0	1	0	-1	0
SKI	0	1p	0	0	0	0	-1	0	0	0	1	0	0	0	0	0	0	0	0	0	0	0	0	0	1	0	0	0	-1	1	0	0	0	-1	0	0	0	1	0	-1	0	1	0	0	0	0	0	0	0	0	-1	1	0	1	0	0	0	1	-1	0	-1	0	0	0	0	0
TNFRSF14	0	1p	0	0	0	0	-1	0	0	0	1	0	0	0	0	0	0	0	0	0	0	0	0	0	1	0	0	0	-1	1	0	0	0	-1	0	0	0	1	0	-1	0	1	0	0	0	0	0	0	0	0	-1	1	0	1	0	0	0	1	-1	0	-1	0	0	0	0	0
KIF1B	0	1p	0	0	0	0	-1	0	0	0	1	0	-1	0	0	0	0	0	0	0	0	0	0	-1	0	0	0	0	-1	1	0	0	0	0	0	0	0	1	0	-1	0	1	0	0	0	0	0	0	0	0	-1	1	0	1	0	0	0	0	-1	0	-1	0	0	1	0	0
MTOR	0	1p	0	0	0	0	-1	0	0	0	1	0	-1	0	0	0	0	0	0	0	0	0	0	-1	0	0	0	0	-1	1	0	0	0	0	0	0	0	1	0	-1	0	1	0	0	0	0	0	0	0	0	-1	2	0	1	0	0	0	0	-1	0	-1	0	0	1	0	0
PRDM2	0	1p	0	0	0	0	-1	0	0	0	1	0	-1	0	0	0	0	0	0	0	0	0	0	-1	0	-1	0	0	-1	1	0	0	0	0	0	0	0	1	0	-1	0	1	0	0	0	0	0	0	0	0	-1	2	0	1	0	0	0	0	-1	0	-1	0	0	1	0	0
SPEN	0	1p	0	0	0	0	-1	0	0	0	1	0	-1	0	0	-1	0	0	0	0	0	0	0	-1	0	-1	0	0	-1	0	0	0	0	0	0	0	0	0	0	-1	0	1	0	0	0	0	0	0	0	0	-1	0	0	1	1	0	0	0	-1	0	-1	0	0	0	0	-1
SDHB	0	1p	0	0	0	0	-1	0	0	0	1	0	-1	0	0	0	0	0	0	0	0	0	0	-1	0	-1	0	0	-1	0	0	0	0	0	0	0	0	1	0	-1	0	1	0	0	0	0	0	0	0	0	-1	0	0	1	0	0	0	0	-1	0	-1	0	0	0	0	0
PAX7	0	1p	0	0	0	0	-1	0	0	0	1	0	-1	0	0	0	0	0	0	0	0	0	0	-1	0	0	0	0	-1	0	0	0	0	0	0	0	0	1	0	-1	0	1	0	0	0	0	0	0	0	0	-1	-1	0	1	0	0	0	0	-1	0	-1	0	0	0	0	0
UBR4	0	1p	0	0	0	0	-1	0	0	0	1	0	-1	0	0	0	0	0	0	0	0	0	0	-1	0	0	0	0	-1	0	0	0	0	0	0	0	0	1	0	-1	0	1	0	0	0	0	0	0	0	0	-1	-1	0	1	0	0	0	0	-1	0	-1	0	0	1	0	0
WNT4	0	1p	0	0	0	0	-1	0	0	0	1	0	-1	0	0	0	0	0	0	0	0	0	0	-1	0	0	0	0	-1	0	0	0	0	0	0	0	0	1	0	-1	0	1	0	0	0	0	0	0	0	0	-1	0	0	1	0	0	0	0	-1	0	-1	0	0	0	0	0
EPHB2	0	1p	0	0	0	0	-1	0	0	0	1	0	-1	0	0	0	0	0	0	0	0	0	0	-1	0	-1	0	0	-1	0	0	0	0	0	0	0	0	1	0	-1	0	1	0	0	0	0	0	0	0	0	-1	0	0	1	0	0	0	0	-1	0	-1	0	0	0	0	0
ARID1A	0	1p	0	0	0	0	-1	0	0	0	1	0	-1	0	0	0	0	0	-1	0	0	0	-1	-1	0	-1	0	0	-1	0	0	-1	0	0	0	0	0	1	0	-1	-1	1	0	0	0	-1	0	0	0	0	-1	0	0	-1	0	0	0	0	-1	0	-1	0	0	0	0	0
SNIP1	0	1p	0	0	0	0	-1	0	0	0	1	0	0	0	0	0	0	0	0	0	0	0	0	-1	0	-1	0	0	-1	0	0	0	0	0	0	0	0	1	0	-1	0	1	0	0	0	0	0	0	0	0	-1	0	0	0	0	0	0	0	-1	0	0	0	0	0	0	0
BMP8B	0	1p	0	0	0	0	-1	0	0	0	1	0	0	0	0	0	0	0	0	0	0	0	0	-1	0	-1	0	0	-1	0	0	0	0	0	0	0	0	1	0	-1	0	1	0	0	0	0	0	0	0	0	-1	0	0	0	0	0	2	0	-1	0	0	0	0	0	0	0
MYCL	0	1p	0	0	0	0	-1	0	0	0	1	0	0	0	0	0	0	0	0	0	0	0	0	-1	0	-1	0	0	-1	0	0	0	0	0	0	0	0	1	0	-1	0	1	0	0	0	0	0	0	0	0	-1	0	0	0	0	0	2	0	-1	0	0	0	0	0	0	0
MPL	0	1p	0	0	0	0	-1	0	0	0	1	0	0	0	0	0	0	0	0	0	0	0	0	-1	0	-1	0	0	-1	0	0	0	0	0	0	0	0	1	0	-1	0	1	0	0	0	0	0	0	0	0	-1	0	0	0	0	0	1	0	-1	0	0	0	0	0	0	0
MUTYH	0	1p	0	0	0	0	-1	0	0	0	1	0	0	0	0	0	0	0	0	0	0	0	0	-1	0	-1	0	0	-1	0	0	0	0	0	0	0	0	1	0	-1	0	1	0	0	0	0	0	0	0	0	-1	0	0	0	0	0	1	0	-1	0	0	0	0	0	0	0
CDKN2C	0	1p	0	0	0	0	-1	0	0	0	1	0	0	0	0	0	0	0	0	0	0	0	0	-1	0	-1	0	-1	-1	0	0	0	0	0	0	0	0	1	0	-1	0	1	0	0	0	0	0	0	0	0	-1	0	0	0	0	0	0	-1	-1	0	0	0	0	0	0	0
PRKAA2	0	1p	0	0	0	0	-1	0	0	0	1	0	0	0	0	0	0	0	0	0	0	0	0	-1	0	0	0	-1	-1	0	0	0	0	0	0	0	0	1	0	-1	0	1	0	0	0	0	0	0	0	0	-1	0	0	0	0	0	0	-1	-1	0	0	0	0	0	0	0
JUN	0	1p	0	0	0	0	-1	0	0	0	1	0	0	0	0	0	0	0	0	0	0	0	0	-1	0	0	0	-1	-1	0	0	0	0	0	0	0	0	1	0	-1	0	1	0	0	0	0	0	0	0	0	-1	0	0	0	0	0	0	-1	-1	0	0	0	0	0	0	0
JAK1	0	1p	0	0	0	0	-1	0	-2	0	1	0	0	0	0	0	0	0	0	0	0	0	0	-1	0	0	0	-1	-1	0	0	0	0	0	0	0	0	1	0	0	0	1	0	0	0	0	0	0	0	0	-1	0	0	0	0	0	0	-1	-1	0	0	0	0	0	0	0
DPYD	0	1p	0	0	0	0	-1	0	0	0	1	0	-1	0	0	0	0	0	0	0	0	0	0	-1	0	0	0	-1	-1	0	0	0	0	0	0	0	0	1	0	0	0	0	0	0	0	1	0	1	0	0	-1	0	0	0	0	0	0	0	0	0	0	0	0	0	0	0
SORT1	0	1p	0	0	0	0	-1	0	0	0	1	0	-1	0	0	0	0	0	0	0	0	0	0	0	0	0	0	-1	-1	0	0	0	0	0	0	0	0	1	0	1	-1	0	0	0	0	0	0	0	0	0	-1	0	0	0	0	0	0	0	0	0	0	0	0	0	0	0
NRAS	0	1p	0	0	0	0	-1	0	0	0	0	0	-1	0	0	0	0	0	0	0	0	0	0	0	0	0	0	-1	-1	0	0	0	0	0	0	0	0	1	0	-2	-1	0	0	0	0	0	0	0	0	0	-1	0	0	0	0	0	0	0	0	0	0	0	0	0	0	0
TSHB	0	1p	0	0	0	0	-1	0	0	0	0	0	-1	0	0	0	0	0	0	0	0	0	0	0	0	0	0	-1	-1	0	0	0	0	0	0	0	0	1	0	-2	0	0	0	0	0	0	0	0	0	0	-1	0	0	0	0	0	0	0	0	0	0	0	0	0	0	0
FAM46C	0	1p	0	0	0	0	-1	0	0	0	0	0	-1	0	-1	0	0	0	0	0	0	0	0	0	0	0	0	-1	-1	0	0	0	0	0	0	0	0	1	0	0	-1	0	0	0	0	0	0	0	0	0	-1	1	0	0	0	0	0	0	0	0	0	0	0	0	0	0
NOTCH2	0	1p	0	0	0	0	-1	0	0	0	0	0	-1	0	2	0	0	0	0	0	0	0	0	0	0	0	0	-1	-1	1	0	0	0	0	0	0	0	1	0	0	-1	1	0	0	0	0	0	0	0	0	-1	1	0	0	0	0	0	0	0	0	0	0	0	1	0	0
BCL9	0	1p	0	0	0	0	1	0	1	0	2	0	0	0	0	0	0	0	1	0	0	0	0	0	0	0	0	0	0	1	0	0	1	0	0	0	0	1	0	0	0	1	0	0	0	0	0	0	0	0	0	1	2	1	0	0	0	1	0	0	0	0	0	0	1	0
MCL1	0	1p	0	0	0	0	1	0	1	0	2	0	0	0	0	0	0	0	1	0	0	0	0	0	0	0	0	0	0	1	0	0	1	0	0	0	0	1	0	0	0	1	0	0	0	0	0	0	0	0	0	1	2	2	0	0	0	1	0	0	0	0	0	0	1	0
S100A9	0	1p	0	0	0	0	1	0	1	0	2	0	0	0	0	0	0	0	1	0	0	0	0	0	0	0	0	0	0	1	0	0	1	0	0	0	0	1	0	0	0	1	0	0	0	0	0	0	0	0	0	1	2	1	0	0	0	1	0	0	0	0	0	0	1	0
TPM3	0	1p	0	0	0	0	1	0	0	0	2	0	0	0	0	0	0	0	1	0	0	0	0	0	0	0	0	0	0	1	0	0	1	0	0	0	0	1	0	0	0	1	0	0	0	0	0	0	0	0	0	1	2	1	0	0	0	1	0	0	0	0	0	0	1	0
NTRK1	0	1p	0	0	0	0	1	0	0	0	2	0	0	0	0	0	0	0	1	0	0	0	0	0	0	0	0	0	0	1	0	0	1	0	0	0	0	1	0	0	0	1	0	0	0	0	0	0	0	0	0	1	0	1	0	0	0	1	0	0	0	0	0	0	1	0
SPTA1	0	1p	0	0	0	0	1	0	0	0	2	0	0	0	0	0	0	0	1	0	0	0	0	0	0	0	0	0	0	1	0	0	1	0	0	0	0	1	0	0	0	1	0	0	0	0	0	0	0	0	0	1	0	1	0	0	0	1	0	0	0	0	0	0	1	0
SDHC	0	1p	0	0	0	0	1	0	0	0	2	0	0	0	0	0	0	0	1	0	0	0	0	0	0	0	0	0	0	1	0	0	1	0	0	0	0	1	0	0	0	1	0	0	0	0	0	0	0	0	0	1	0	1	0	0	0	1	0	0	0	0	0	0	1	0
DDR2	0	1p	0	0	0	0	1	0	0	0	2	0	0	0	0	0	0	0	1	0	0	0	0	0	0	0	0	0	0	1	0	0	1	0	0	0	0	1	0	0	0	1	0	0	0	0	0	0	0	0	0	1	0	1	0	0	0	1	0	0	0	0	0	0	1	0
RXRG	0	1p	0	0	0	0	1	0	0	0	2	0	0	0	0	0	0	0	1	0	0	0	0	0	0	0	0	0	0	1	0	0	1	0	0	0	0	1	0	0	0	1	0	0	0	0	0	0	0	0	0	1	0	1	0	0	0	1	0	0	0	0	0	0	1	0
LHX4	0	1p	0	0	0	0	1	0	0	0	0	0	0	0	0	0	0	0	1	0	0	0	0	0	0	0	1	0	0	1	0	0	1	0	0	0	0	1	0	0	0	1	0	0	0	0	0	0	0	0	0	1	0	2	0	0	0	1	0	0	0	0	0	0	1	0
PTGS2	0	1p	0	0	0	0	1	0	0	0	0	0	0	0	0	0	0	0	0	0	0	0	0	0	0	0	1	0	0	1	0	0	1	0	0	0	0	1	0	0	0	1	0	0	0	0	0	0	0	0	0	1	0	1	0	0	0	1	0	0	0	0	0	0	1	0
CDC73	0	1p	0	0	0	0	1	0	0	0	0	0	0	0	0	0	0	0	0	0	0	0	0	0	-1	0	1	0	0	1	0	-1	0	0	0	0	0	1	0	0	0	1	0	0	0	0	0	0	0	0	0	1	0	1	0	0	0	1	0	0	0	0	0	0	1	0
CACNA1S	0	1p	0	0	0	0	1	0	0	0	0	0	0	0	0	0	0	0	0	0	0	0	0	0	0	0	1	0	0	1	0	-1	0	0	0	0	0	1	0	0	0	1	0	0	0	0	0	0	0	0	1	0	0	1	0	0	0	1	0	0	0	0	0	0	1	0
MDM4	0	1p	0	0	0	0	1	0	0	0	0	0	0	0	0	0	0	0	0	0	0	0	0	0	0	0	0	0	0	1	0	-1	0	0	0	0	0	1	0	0	0	1	0	0	0	0	0	0	0	0	1	0	0	1	0	0	0	1	0	0	0	0	0	0	2	0
IKBKE	0	1p	0	0	0	0	1	0	0	0	0	0	0	0	0	0	0	0	0	0	0	0	0	0	0	0	0	0	0	1	0	-1	0	0	0	0	0	1	0	0	0	1	0	0	0	0	0	0	0	0	-1	0	0	1	0	0	0	1	0	0	0	0	0	0	1	0
SRP9	0	1p	0	0	0	0	1	0	0	0	0	0	1	0	0	0	0	0	0	0	0	0	0	0	0	0	0	0	0	1	0	0	1	0	0	0	0	1	0	0	0	1	0	0	0	0	0	0	0	0	0	2	0	1	0	0	0	1	0	0	0	0	0	0	1	0
H3F3A	0	1p	0	0	0	0	1	0	0	0	0	0	1	0	0	0	0	0	0	0	0	0	0	0	0	0	0	0	0	1	0	0	1	0	0	0	0	1	0	0	0	1	0	0	0	0	0	0	0	0	0	2	0	1	0	0	0	1	0	0	0	0	0	0	1	0
WNT9A	0	1p	0	0	0	0	1	0	0	0	0	0	1	0	0	0	0	0	0	0	0	0	0	0	0	0	0	0	0	1	0	0	1	0	0	0	0	1	0	0	0	1	0	0	0	0	0	0	0	0	0	2	0	1	0	0	0	1	0	0	0	0	0	0	1	0
EGLN1	0	1p	0	0	0	0	1	0	0	0	0	0	1	0	0	0	0	0	0	0	0	0	0	0	0	0	0	0	0	1	0	0	1	0	0	0	0	1	0	0	0	1	0	0	0	0	0	0	0	0	0	2	0	1	0	0	0	1	0	0	0	0	0	0	1	0
CHRM3	0	1p	0	0	0	0	1	0	0	0	1	0	1	0	0	0	0	0	0	0	0	0	-1	0	0	0	0	0	0	1	0	0	1	0	0	0	0	1	0	0	0	1	0	0	0	0	0	0	0	0	0	2	0	1	0	0	0	1	0	0	0	0	0	0	1	0
FH	0	1p	0	0	0	0	1	0	0	0	1	0	1	0	0	0	0	0	0	0	0	0	0	0	0	0	0	0	0	1	0	0	1	0	0	0	0	1	0	0	0	1	0	0	0	0	0	0	0	0	0	2	0	1	0	0	0	1	0	0	0	0	0	0	1	0
AKT3	0	1p	0	0	0	0	1	0	0	0	1	0	1	0	0	0	0	0	0	0	0	0	0	0	0	0	0	0	0	1	0	0	1	0	0	0	0	1	0	0	0	1	0	0	0	0	0	2	0	0	0	0	0	1	0	0	0	1	0	0	0	0	0	0	0	0
HNRNPU	0	1p	0	0	0	0	1	0	0	0	1	0	1	0	0	0	0	0	0	0	0	0	0	0	0	0	0	0	0	1	0	0	1	0	0	0	0	1	0	0	0	1	0	0	0	0	0	2	0	0	0	0	0	1	0	0	0	1	0	0	0	0	0	0	1	0
MYCN	0	2p	0	-1	0	0	0	0	0	0	1	0	-1	0	0	0	0	0	0	0	0	0	0	0	0	0	1	0	0	0	0	0	0	0	0	0	0	2	0	0	0	0	0	0	0	0	0	0	0	0	0	1	1	1	-1	0	0	1	0	0	1	0	0	0	0	0
ATAD2B	0	2p	0	-1	0	0	0	0	0	0	1	0	0	0	0	0	0	0	0	0	0	0	0	0	0	0	1	0	0	0	0	0	0	0	0	0	0	2	0	0	0	0	0	0	0	0	0	0	0	0	0	1	1	1	-1	0	0	0	0	0	1	0	0	0	0	0
POMC	0	2p	0	-1	0	0	0	0	0	0	1	0	0	0	0	0	0	0	0	0	0	0	0	0	0	0	1	0	0	0	0	0	0	0	0	0	0	2	0	0	0	0	0	0	0	0	0	0	0	0	0	1	1	1	-1	0	0	0	0	0	1	0	0	0	0	0
DNMT3A	0	2p	0	-1	0	0	0	0	0	0	1	0	0	0	0	0	0	0	0	0	0	0	0	0	0	0	1	0	0	0	0	0	0	0	0	0	0	2	0	0	0	0	0	0	0	0	0	0	0	0	0	1	1	1	-1	0	0	0	0	0	1	0	0	0	0	0
ALK	0	2p	0	-1	0	0	0	0	0	0	1	0	0	0	0	0	0	0	0	0	0	0	0	0	0	0	1	0	0	0	0	0	0	0	0	0	0	2	0	0	0	0	0	0	0	0	0	0	0	0	0	1	1	1	-1	0	0	0	0	0	1	0	0	0	0	0
SOS1	0	2p	0	-1	0	0	0	0	0	0	1	0	0	0	0	0	0	0	0	0	0	0	0	0	0	0	1	0	0	0	0	0	0	0	0	0	0	2	0	0	0	0	0	0	0	0	0	0	0	0	0	1	1	1	-1	0	0	0	0	0	1	0	0	0	0	0
SIX3	0	2p	0	0	0	0	0	0	0	0	1	0	0	0	0	0	0	0	0	0	0	0	0	0	0	0	1	0	0	0	0	0	0	0	0	0	0	1	0	0	0	0	0	0	0	0	0	0	0	0	0	1	1	1	0	0	0	0	0	0	0	0	0	0	0	0
EPAS1	0	2p	0	0	0	0	0	0	0	0	1	0	0	0	0	0	0	0	0	0	0	0	0	0	0	0	1	0	0	0	0	0	0	0	0	0	0	1	0	0	0	0	0	0	0	0	0	0	0	0	0	1	1	1	0	0	0	0	0	0	0	0	0	0	0	0
EPCAM	0	2p	0	0	0	0	0	0	0	0	1	-1	0	0	0	0	0	0	0	0	0	0	0	0	0	0	1	0	0	0	0	0	0	0	0	0	0	1	0	0	0	0	0	0	0	0	0	0	0	0	0	1	1	1	0	0	0	0	0	0	0	0	0	0	0	0
MSH2	0	2p	0	0	0	0	0	0	0	0	1	0	0	0	0	0	0	0	0	0	0	0	0	0	0	0	1	0	0	0	0	0	0	0	0	0	0	1	0	0	0	0	0	0	0	0	0	0	0	0	0	1	1	1	0	0	0	0	0	0	0	0	0	0	0	0
BAT26	0	2p	0	0	0	0	0	0	0	0	1	-1	0	0	0	0	0	0	0	0	0	0	0	0	0	0	1	0	0	0	0	0	0	0	0	0	0	1	0	0	0	0	0	0	0	0	0	0	0	0	0	1	1	1	0	0	0	0	0	0	0	0	0	0	0	0
MSH6	0	2p	0	0	0	0	0	0	0	0	1	0	0	0	0	0	0	0	0	0	0	0	0	0	0	0	1	0	0	0	0	0	0	0	0	0	0	1	0	0	0	0	0	0	0	0	0	0	0	0	0	1	1	1	0	0	0	0	0	0	0	0	0	0	0	0
D2S123	0	2p	0	0	0	0	0	0	0	0	1	0	0	0	0	0	0	0	0	0	0	0	0	0	0	0	1	0	0	0	0	0	0	0	0	0	0	1	0	0	0	0	0	0	0	0	0	0	0	0	0	1	1	1	0	0	0	0	0	0	0	0	0	0	0	0
FANCL	0	2p	0	0	0	0	0	0	0	0	1	0	0	0	0	0	0	0	2	0	0	0	0	0	0	0	1	0	0	0	0	0	0	0	0	0	1	1	0	0	0	0	0	0	0	0	0	0	0	0	0	1	1	1	1	0	0	1	0	0	0	0	0	0	0	0
XPO1	0	2p	2	0	0	0	0	0	0	0	1	0	0	0	0	0	0	0	1	0	0	0	0	0	0	0	1	0	0	0	0	0	0	0	0	0	0	1	0	0	0	0	0	0	0	0	0	0	0	0	0	1	1	1	0	0	0	1	0	0	0	0	0	0	0	0
RAB1A	0	2p	1	0	0	0	0	0	0	0	1	0	0	0	0	0	0	0	1	0	0	0	0	0	0	0	1	0	0	0	0	0	0	0	0	0	0	1	0	0	0	0	0	0	0	0	0	0	0	0	0	1	1	2	0	0	0	1	0	0	0	0	0	0	0	0
TCF7L1	0	2p	1	0	0	0	0	0	0	0	1	0	0	0	0	0	0	0	1	0	0	0	0	0	0	0	1	0	0	0	0	0	1	0	0	0	0	1	0	0	0	0	0	0	0	0	0	0	0	0	0	0	1	1	0	0	0	1	0	0	0	0	0	0	0	0
TMEM127	0	2p	1	0	0	0	0	0	0	0	1	0	0	0	0	0	0	1	0	0	0	0	0	0	0	0	1	0	0	0	0	0	0	0	0	0	0	1	0	0	0	0	0	0	0	0	0	0	0	0	0	1	0	1	0	0	0	1	0	0	0	1	0	0	0	0
GLI2	0	2p	0	0	0	0	0	0	0	0	1	0	-1	0	0	0	0	0	0	0	0	0	0	0	0	0	1	0	0	0	0	0	0	0	0	0	0	1	0	0	0	0	0	0	0	0	0	0	0	0	0	1	0	0	0	0	0	0	0	0	0	1	0	0	0	0
LRP1B	0	2p	1	0	0	0	0	0	0	0	1	0	-1	0	0	0	0	1	0	0	0	0	0	0	0	0	1	0	0	0	0	0	0	0	0	0	0	1	0	0	0	0	0	0	0	0	0	0	0	0	0	-1	0	-1	0	0	0	0	0	0	0	1	0	1	0	0
LRP2	0	2p	1	0	0	0	0	0	0	0	2	0	0	0	0	0	0	-1	0	0	0	0	0	0	0	0	1	0	0	0	0	0	1	-1	0	0	0	1	0	0	0	0	0	0	0	0	0	0	0	0	0	-1	0	0	0	0	0	0	0	0	0	1	0	1	0	0
PDK1	0	2p	1	0	0	0	0	0	0	0	2	0	0	0	0	0	0	-1	0	0	0	-2	0	0	0	0	1	0	0	0	0	0	1	0	0	0	0	1	0	0	0	0	0	0	0	0	0	0	0	0	0	-1	0	0	0	0	0	0	0	0	0	1	0	1	0	0
MLTK	0	2p	1	0	0	0	0	0	0	0	2	0	0	0	0	0	0	-1	0	0	0	-2	0	0	0	0	1	0	0	0	0	0	1	0	0	0	0	1	0	0	0	0	0	0	0	0	0	0	0	0	0	-1	0	0	0	0	0	0	0	0	0	1	0	1	0	0
NFE2L2	0	2p	1	0	0	0	0	0	0	0	2	0	0	0	0	0	0	-1	0	0	0	-2	0	0	0	0	1	0	0	0	0	0	0	-1	0	0	0	1	0	0	0	0	0	0	0	0	0	0	0	0	0	-1	0	0	0	0	0	0	0	0	0	1	0	1	0	0
STAT4	0	2p	1	0	0	0	0	0	0	0	2	0	0	0	0	0	0	-1	0	0	0	0	0	0	0	0	1	0	0	0	0	0	1	-1	0	0	0	1	0	0	0	0	0	0	0	0	0	1	0	0	0	-1	0	0	0	0	0	1	0	0	0	1	0	1	0	0
SF3B1	0	2p	0	0	0	0	0	0	0	0	2	0	0	0	0	0	0	1	1	0	0	0	0	0	0	0	1	0	0	0	0	0	1	-1	0	0	0	1	0	0	0	0	0	0	0	0	0	1	0	0	0	-1	0	0	0	0	0	1	0	0	0	1	0	1	0	0
AOX1	0	2p	0	0	0	0	0	0	0	0	2	0	0	0	0	0	0	1	1	0	0	0	0	0	0	0	1	0	0	0	0	0	2	-1	0	0	0	1	0	0	0	0	0	0	0	0	0	1	0	1	0	-1	0	0	0	0	0	1	0	0	0	1	0	1	0	0
BMPR2	0	2p	0	0	0	0	0	0	0	0	2	0	0	0	0	0	0	1	1	0	0	0	0	0	0	0	1	0	0	0	0	0	1	-1	0	0	0	1	0	0	0	0	0	0	0	1	0	1	0	0	0	-1	0	0	0	0	0	1	0	0	0	1	0	1	0	0
IDH1	0	2p	0	0	0	-1	0	0	2	0	2	0	0	0	0	0	0	1	0	0	0	0	0	0	0	0	1	0	0	0	0	0	0	0	0	0	0	1	0	0	0	0	0	0	0	1	0	1	0	0	0	-1	0	0	0	0	0	1	0	0	0	1	0	1	0	0
ERBB4	0	2p	0	0	0	0	0	0	2	0	2	0	0	0	0	0	0	1	0	0	0	0	0	0	0	0	1	0	0	0	0	0	0	-1	0	0	0	1	0	0	0	0	0	0	0	0	0	1	0	0	0	-1	0	0	0	0	0	1	0	0	0	1	0	1	0	0
BARD1	0	2p	0	0	0	0	0	0	2	0	2	0	0	0	0	0	0	1	0	0	0	0	0	0	0	0	1	0	0	0	0	0	0	0	0	0	0	1	0	0	0	0	0	0	0	0	0	0	0	0	0	-1	0	0	0	0	0	1	0	0	0	1	0	1	1	0
IGFBP5	0	2p	0	0	0	0	0	0	2	0	2	0	0	0	0	0	0	1	0	0	0	0	0	0	0	0	1	0	0	0	0	0	0	0	0	0	0	1	0	0	0	0	0	0	0	0	0	0	0	0	0	-1	0	0	0	0	0	1	0	0	0	1	0	0	0	0
UGT1A1	0	2p	0	0	0	0	0	0	0	0	2	0	-1	0	0	0	0	1	0	0	0	0	0	0	0	0	1	0	0	0	0	0	0	-1	0	0	0	1	0	0	0	0	0	0	0	0	0	0	0	0	0	-1	0	0	0	0	0	1	0	0	0	0	0	0	0	0
FANCD2	0	3p	0	-1	0	0	-1	-1	0	0	1	0	0	0	0	-1	-1	0	0	0	0	0	0	0	1	0	0	0	-1	0	0	-1	0	1	0	0	0	1	-1	-1	0	1	0	0	-1	0	0	0	0	0	0	0	0	1	0	2	2	0	0	0	0	0	0	0	0	0
VHL	0	3p	0	-1	0	0	-1	-1	0	0	1	0	0	0	0	-1	-1	0	0	0	0	0	0	0	1	0	0	0	-1	0	0	-1	0	1	0	0	0	1	-1	-1	0	1	0	0	-1	0	0	0	0	0	0	0	0	1	0	2	2	0	0	0	0	0	0	0	0	0
RAF1	0	3p	0	-1	0	0	-1	-1	0	0	1	0	0	0	0	-1	-1	0	0	0	0	0	0	0	1	0	0	0	-1	0	0	-1	0	1	0	0	0	1	-1	-1	0	1	0	0	-1	0	0	0	0	0	-1	0	0	1	0	0	2	0	0	0	0	0	0	0	0	0
TMEM43	0	3p	0	-1	0	0	-1	-1	0	0	1	0	-1	0	0	-1	-1	0	0	0	0	0	0	0	1	0	0	0	-1	0	0	-1	0	1	0	0	0	1	-1	-1	0	1	0	0	-1	0	0	0	0	0	-1	0	0	1	0	0	2	0	0	0	0	0	0	0	0	0
NR2C2	0	3p	0	-1	0	0	-1	-1	0	0	1	0	-1	0	0	-1	-1	0	0	0	0	0	0	0	1	0	0	0	-1	0	0	-1	0	1	0	0	0	1	-1	-1	0	1	0	0	-1	0	0	0	0	0	-1	0	0	1	0	0	2	0	0	0	0	0	0	0	0	0
TGFBR2	0	3p	0	-1	0	0	-1	-1	0	0	1	0	-1	0	0	-1	-1	0	0	0	0	0	0	0	1	0	0	0	-1	0	0	-1	0	0	0	0	0	0	-1	-1	0	1	0	0	-1	0	0	0	0	0	-1	2	0	1	0	-1	0	0	0	0	0	0	0	0	0	0
DCLK3	0	3p	0	-1	0	0	-1	-1	0	0	1	0	-1	0	0	-1	-1	0	0	0	0	0	-1	0	1	0	0	0	-1	0	0	-1	0	0	0	0	-1	0	-1	-1	0	1	0	0	-1	0	0	0	0	0	-1	0	0	1	0	-1	0	0	0	0	0	0	0	0	0	0
MLH1	0	3p	0	-1	0	0	-1	-1	0	0	1	0	-1	0	0	-1	-1	0	0	0	0	0	-1	0	1	0	0	0	-1	0	0	-1	0	0	0	0	-1	0	-1	-1	0	1	0	0	-1	0	0	0	0	0	-1	0	0	1	0	-1	0	0	0	0	0	0	0	0	0	0
MYD88	0	3p	0	-1	0	0	-1	-1	0	0	1	0	-1	0	0	-1	-1	0	0	0	0	0	-1	0	1	0	0	0	-1	0	0	-1	0	0	0	0	-1	0	-1	-1	0	1	0	0	-1	0	0	0	0	0	-1	0	0	1	0	-1	0	0	0	0	0	0	0	0	0	0
CTNNB1	0	3p	0	-1	0	0	-1	-1	0	0	1	0	-1	0	0	-1	-1	0	0	0	0	0	-1	0	1	0	0	0	0	0	0	-1	0	0	1	0	-1	0	-1	-1	0	1	0	0	-1	0	0	0	0	0	-1	1	0	1	0	-1	0	0	0	0	0	0	0	0	0	0
SETD2	0	3p	0	-1	0	0	-1	-1	0	0	1	0	-1	0	0	-1	-1	0	0	0	0	0	-1	0	1	0	0	0	-1	0	0	-1	0	0	0	0	-1	0	-1	-1	0	1	0	0	-1	0	0	0	0	0	-1	0	0	1	0	-1	0	0	0	0	0	0	0	0	0	0
BAP1	0	3p	0	-1	0	0	-1	-1	0	0	1	0	0	0	0	-1	-1	0	0	0	0	0	-1	0	1	0	0	0	0	0	0	-1	0	0	0	0	-1	0	-1	-1	0	0	0	-1	-1	0	0	0	0	0	-1	0	0	1	0	-1	0	0	0	0	0	0	0	0	0	0
PBRM1	0	3p	0	-1	0	0	-1	-1	0	0	1	0	0	0	0	-1	-1	0	0	0	0	0	-1	0	1	0	0	0	0	0	0	-1	0	0	0	0	-1	0	-1	-1	0	0	0	-1	-1	0	0	0	0	0	-1	0	0	1	0	-1	0	0	0	0	0	0	0	0	0	0
HESX1	0	3p	0	-1	0	0	-1	-1	0	0	1	0	0	0	0	-1	-1	0	0	0	0	0	-1	0	1	0	0	0	0	0	0	-1	0	0	1	0	0	0	-1	-1	0	1	0	0	-1	0	0	0	0	0	-1	0	0	1	0	-1	0	0	0	0	0	0	0	0	0	0
MITF	0	3p	0	-1	0	0	-1	-1	0	0	1	0	0	0	0	-1	-1	0	0	0	0	0	0	0	1	0	0	0	0	0	0	-1	0	0	0	0	0	0	-1	-1	0	1	0	0	-1	0	0	0	0	0	-1	0	0	1	0	-1	0	0	0	0	0	0	0	0	0	0
ZNF717	0	3p	1	-1	0	0	-1	-2	1	0	1	0	2	0	0	-1	-1	0	1	0	-2	-2	0	-1	1	0	-2	0	-2	2	-1	-1	1	0	1	2	1	0	-1	-1	0	1	1	-2	-2	0	0	0	0	2	-1	0	2	1	0	-1	2	-1	-2	0	0	0	0	0	0	2
POU1F1	0	3p	0	-1	0	0	-1	-2	0	0	1	0	0	0	0	-1	-1	0	0	0	0	0	0	0	1	0	0	0	0	0	0	0	0	0	0	0	0	1	-1	-1	0	1	0	0	-1	0	0	0	0	0	-1	0	0	1	0	-1	0	0	0	0	0	0	0	0	0	0
EPHA3	0	3p	0	-1	0	0	-1	-2	0	0	1	0	0	0	0	-1	-1	0	0	0	0	0	0	0	1	0	0	0	0	0	0	0	0	0	0	0	0	1	-1	-1	0	1	0	0	-1	0	0	0	0	0	-1	0	0	1	0	-1	0	0	0	0	0	1	0	0	0	0
TFG	0	3p	0	0	0	0	-1	1	0	0	1	0	0	0	0	0	0	0	0	0	0	0	0	0	1	0	1	0	0	0	0	0	0	0	0	0	0	1	0	1	0	1	0	0	0	1	0	0	0	0	0	0	0	1	0	0	1	0	0	0	0	1	0	0	0	0
GSK3B	0	3p	0	0	0	0	-1	0	0	0	1	0	0	0	0	0	0	0	1	0	0	0	0	0	1	0	1	0	0	0	0	0	1	0	0	0	0	1	0	1	0	1	0	0	0	1	0	0	0	0	-1	0	0	1	0	0	1	0	0	0	0	1	0	0	0	0
GATA2	0	3p	0	0	0	0	-1	0	0	0	1	0	0	0	0	0	0	0	1	0	0	0	0	0	1	0	1	0	0	0	0	0	1	0	0	0	0	1	0	1	0	1	0	0	0	1	0	0	0	1	-1	1	0	1	0	0	1	0	0	0	0	1	0	0	0	0
EPHB1	0	3p	0	0	0	0	-1	0	0	0	1	0	0	0	0	0	0	0	1	0	0	0	0	0	1	0	1	0	0	0	0	0	1	0	0	0	0	1	0	1	0	1	0	0	0	1	0	0	0	0	-1	1	0	1	0	0	0	0	0	0	0	1	0	0	0	0
PIK3CB	0	3p	0	0	0	0	-1	0	0	0	1	0	0	0	0	0	0	0	1	0	0	0	0	0	1	0	1	0	0	0	0	0	1	0	0	0	0	1	0	1	0	1	0	0	0	1	0	0	0	0	-1	1	0	1	0	0	0	0	0	0	0	1	0	-1	0	0
FOXL2	0	3p	0	0	0	0	-1	0	0	0	1	0	0	0	0	0	0	0	1	0	0	0	0	0	1	0	1	0	0	0	0	0	1	0	0	0	0	1	0	1	0	1	0	0	0	1	0	0	0	0	-1	1	0	1	0	0	0	0	0	0	0	1	0	-1	0	0
ATR	0	3p	0	0	0	0	-1	0	0	0	1	0	1	0	0	0	0	0	1	0	0	0	0	0	1	0	1	0	0	0	0	0	1	-1	0	0	0	1	0	1	0	1	1	0	0	1	0	0	0	0	-1	1	0	1	0	0	1	0	0	0	0	1	0	-1	0	0
SSR3	0	3p	0	0	0	0	-1	1	0	0	1	0	1	0	0	0	0	0	1	0	0	0	0	0	1	0	1	0	0	0	0	0	1	0	0	0	0	1	-1	1	0	1	1	0	0	1	0	0	0	0	0	1	0	1	0	0	1	0	0	0	0	1	0	0	0	0
TERC	0	3p	0	0	0	0	-1	1	0	0	1	0	1	0	0	0	0	0	0	0	0	0	0	0	1	0	1	0	0	0	0	0	1	0	0	0	0	1	-1	1	0	1	1	0	0	1	0	0	0	0	0	0	0	1	0	0	1	0	0	0	0	1	0	0	0	0
CLDN11	0	3p	0	0	0	0	-1	1	0	0	1	0	1	0	0	0	0	0	0	0	0	0	0	0	1	0	1	0	0	0	0	0	1	0	0	0	0	1	-1	1	0	1	1	0	0	1	0	0	0	0	0	0	0	1	0	0	1	0	0	0	0	1	0	0	0	0
PIK3CA	0	3p	0	0	0	0	-1	1	0	0	1	0	1	0	0	0	0	0	0	0	0	0	0	0	1	0	1	0	0	0	0	0	1	2	0	0	0	1	-1	1	0	1	1	0	0	1	0	0	0	0	0	0	0	1	0	0	1	0	0	0	0	1	0	0	0	0
SOX2	0	3p	0	0	0	0	-1	1	0	0	1	0	1	0	0	0	0	0	0	0	0	0	0	0	1	0	1	0	0	0	0	0	1	2	0	0	0	1	-1	1	0	1	1	0	0	1	0	0	0	0	0	0	0	1	0	0	1	0	0	0	0	1	0	0	0	0
KLHL6	0	3p	0	0	0	0	-1	1	0	0	1	0	1	0	0	0	0	0	0	0	0	0	0	0	1	0	1	0	0	0	0	0	1	2	0	0	0	1	-1	1	0	1	1	0	0	1	0	0	0	0	0	0	0	1	0	0	1	0	0	0	0	1	0	0	0	0
BCL6	0	3p	0	0	0	0	-1	1	0	0	1	0	1	0	0	0	0	0	0	0	0	0	0	0	1	0	1	0	0	0	0	0	0	0	0	0	0	1	-1	1	0	1	1	0	0	1	0	0	0	0	-1	0	0	1	0	0	1	0	0	0	0	1	0	0	0	0
KIAA0226	0	3p	0	0	0	0	-1	1	0	0	1	0	0	0	0	0	0	0	0	0	0	0	0	0	1	0	1	0	0	0	0	0	1	0	0	0	0	1	-1	1	0	1	1	0	0	1	0	0	0	0	0	0	0	1	0	0	1	0	0	0	0	1	0	0	0	0
FGFR3	0	4p	-1	-1	0	0	-1	0	0	0	0	0	2	-1	0	0	-1	0	2	0	0	-1	-1	0	0	-1	0	0	-1	0	0	-1	0	0	0	0	0	0	-1	-1	0	0	0	0	0	0	0	0	0	0	0	0	0	2	-1	-1	0	1	-1	-1	-1	0	0	0	0	0
CRMP1	0	4p	0	-1	0	0	-1	0	0	0	0	0	1	-1	0	0	-1	0	2	0	0	-1	-1	-1	0	-1	0	0	-1	0	0	-1	0	0	0	0	0	0	-1	-1	0	0	0	0	0	0	0	0	0	0	0	0	0	1	-1	-1	0	1	-1	-1	-1	0	0	0	0	0
SLIT2	0	4p	0	-1	0	0	-1	0	0	0	0	0	-1	-1	0	0	-1	0	1	0	0	-1	-1	-1	0	-1	-1	0	-1	-1	0	-1	0	0	0	0	0	0	-1	-1	0	0	0	0	0	0	0	0	0	0	0	0	0	1	-1	-1	0	0	-1	-1	-1	0	0	0	0	0
PDGFRA	0	4p	0	-1	0	0	-1	0	0	0	0	0	-1	0	0	0	-1	0	2	0	0	0	-1	-1	1	-1	0	0	-1	0	0	-1	0	0	0	0	0	0	-1	0	-1	0	0	0	0	0	0	0	0	0	-1	0	-1	2	-1	-1	0	0	-1	0	-1	0	0	0	0	0
KIT	0	4p	0	-1	0	0	-1	0	0	0	0	0	-1	0	0	0	-1	0	2	0	0	0	-1	-1	1	-1	0	0	-1	0	0	-1	0	0	0	0	0	0	-1	0	-1	0	0	0	0	0	0	0	0	0	-1	-1	-1	2	-1	-1	0	0	-1	0	-1	0	0	0	0	0
BAT25	0	4p	0	-1	0	0	-1	0	0	0	0	0	-1	0	0	0	-1	0	2	0	0	0	-1	-1	1	-1	0	0	-1	0	0	-1	0	0	0	0	0	0	-1	0	-1	0	0	0	0	0	0	0	0	0	-1	-1	-1	2	-1	-1	0	0	-1	0	-1	0	0	0	0	0
KDR	0	4p	0	-1	0	0	-1	0	0	0	0	0	-1	0	0	0	-1	0	2	0	0	0	-1	-1	1	-1	0	0	-1	0	0	-1	0	0	0	0	0	0	-1	0	-1	0	0	0	0	0	0	0	0	0	-1	-1	-1	2	-1	-1	0	0	-1	0	-1	0	0	0	0	0
EPHA5	0	4p	0	-1	0	0	-1	0	0	0	0	0	-1	0	0	0	-1	0	1	0	0	0	-1	-1	1	-1	-1	0	-1	0	0	-1	0	0	0	0	0	0	-1	0	-1	0	0	0	0	0	-1	0	0	0	-1	-1	-1	0	-1	-1	0	0	-1	0	-1	0	0	0	0	0
GNRHR	0	4p	0	-1	0	0	-1	0	0	0	0	0	-1	0	0	0	-1	0	1	0	0	0	-1	-1	1	-1	-1	0	-1	0	0	-1	0	0	0	0	0	0	-1	0	-1	0	0	0	0	0	-1	0	0	0	-1	-1	-1	0	-1	-1	0	0	-1	0	-1	0	0	0	0	0
UGT2B7	0	4p	0	-1	0	0	-1	0	0	0	0	0	-1	0	0	0	-1	0	1	0	0	0	-1	-1	1	-1	0	0	-1	0	0	-1	0	0	0	0	0	0	-1	0	-1	0	0	0	0	0	-1	0	0	0	-1	-1	-1	0	-1	-1	0	0	-1	0	-1	0	0	0	0	0
PRDM8	0	4p	0	-1	0	0	-1	-1	0	0	0	0	-1	0	0	-1	-1	0	1	0	0	0	-1	-1	1	-1	0	0	-1	0	0	-1	0	0	0	0	0	0	-1	1	-1	0	-1	0	0	0	-1	0	0	0	-1	-1	-1	0	-1	-1	0	0	-1	0	-1	0	0	0	0	0
DSPP	0	4p	0	-1	0	0	-1	-1	0	0	0	0	-1	0	0	0	-1	0	0	0	0	0	-1	-1	1	-1	0	0	-1	0	0	-1	0	0	0	0	0	0	-1	-1	-1	0	-1	0	0	0	-1	0	0	0	-1	-1	-1	0	-1	-1	0	0	-1	0	-1	0	0	0	0	0
CENPE	0	4p	0	-1	0	0	-1	-1	0	0	0	0	-1	0	0	0	-1	0	0	0	0	1	-1	-1	0	-1	0	0	-1	0	0	-1	0	0	0	0	0	0	-1	-1	-1	0	-1	0	0	0	-1	0	0	0	-1	-1	-1	0	-1	-1	0	0	-1	0	-1	0	0	0	0	0
TET2	0	4p	0	-1	0	0	-1	-1	0	0	0	0	-1	-1	0	0	-1	0	0	0	0	1	-1	-1	0	-1	0	0	-1	0	0	-1	0	0	0	0	0	0	-1	-1	-1	0	-1	0	0	0	-1	0	0	0	-1	-1	-1	0	-1	-1	0	0	-1	0	-1	0	0	0	0	0
EGF	0	4p	0	-1	0	0	-1	-1	0	0	0	0	-1	-1	0	0	-1	0	0	0	0	1	-1	-1	1	-1	0	0	-1	0	0	-1	0	0	0	0	0	0	-1	-1	-1	0	-1	0	0	0	-1	0	0	0	-1	-1	-1	0	-1	-1	0	0	-1	0	-1	0	0	0	0	0
NEUROG2	0	4p	0	-1	0	0	-1	-1	0	0	0	0	-1	-1	0	0	-1	0	0	0	0	-1	-1	-1	1	-1	0	0	-1	0	0	-1	0	0	0	0	0	0	-1	-1	-1	0	-1	0	0	0	-1	0	0	0	-1	-1	-1	0	-1	-1	0	0	-1	0	-1	0	0	0	0	0
FGF2	0	4p	0	-1	0	0	-1	-1	0	0	0	0	-1	-1	0	0	-1	0	0	0	0	-1	-1	0	1	-1	0	0	-1	0	0	-1	0	0	0	0	0	0	-1	-1	-1	0	-1	0	0	0	-1	0	0	0	-1	0	-1	0	-1	-1	0	0	-1	0	-1	0	0	0	0	0
FBXW7	0	4p	0	0	0	0	-1	-1	0	0	0	0	0	0	0	0	-1	0	0	0	0	-1	-1	0	1	-1	0	0	-1	0	0	-1	0	-1	0	0	0	0	-1	-1	-1	0	0	0	0	0	-1	0	0	0	-1	-1	-1	0	-1	-1	0	0	-1	0	-1	0	0	0	0	0
PALLD	0	4p	0	0	0	0	-1	-1	-1	0	0	0	0	0	0	0	-1	0	0	0	0	1	-1	1	1	-1	0	0	-1	0	0	-1	0	-1	-1	0	0	0	-1	-1	-1	0	0	0	0	0	-1	-1	0	0	-1	-1	-1	0	-1	-1	0	0	-1	0	-1	0	0	0	0	0
HPGD	0	4p	0	0	0	0	-1	-1	-1	0	0	0	0	0	0	0	-1	0	0	0	0	1	-1	0	1	-1	0	0	-1	-2	0	-1	0	-1	-1	0	0	0	-1	-1	-1	0	0	0	0	0	-1	-1	0	0	-1	-1	-1	1	-1	-1	0	0	-1	0	-1	0	0	0	0	0
FAT1	0	4p	0	0	0	0	-1	-1	-1	0	0	0	-2	0	0	0	-1	0	-2	0	0	1	-1	1	0	-1	0	0	-1	0	0	-1	0	0	-1	0	0	0	-1	-1	-1	0	0	0	0	0	-1	0	0	0	-1	-1	-1	0	-1	-1	0	0	-1	0	-1	0	0	0	0	0
SDHA	0	5p	0	0	0	0	0	0	0	0	0	0	0	0	2	0	1	1	0	0	0	1	0	-1	2	0	1	0	0	1	0	0	1	-1	0	0	0	0	0	-1	0	0	-1	0	0	0	1	0	0	0	0	0	1	1	1	0	0	0	0	0	-1	0	0	0	1	0
TERT	0	5p	0	0	0	0	0	0	0	0	0	0	0	0	2	0	1	1	0	0	0	1	0	-1	2	0	1	0	0	1	0	0	1	-1	0	0	0	0	0	-1	0	0	-1	0	0	0	1	0	0	0	0	0	1	1	1	0	0	0	0	0	-1	0	0	0	1	0
PRLR	0	5p	0	0	0	0	0	0	0	0	0	0	0	0	0	0	1	1	1	0	0	0	0	-1	2	0	2	0	0	0	0	0	1	-1	0	0	0	0	0	-1	0	0	1	0	0	0	0	0	0	0	2	0	1	1	1	0	1	0	-1	0	-1	0	0	0	2	0
IL7R	0	5p	0	0	0	0	0	0	0	0	0	0	0	0	0	0	1	1	1	0	0	0	0	0	2	0	2	0	0	0	0	0	1	-1	0	0	0	0	0	-1	0	0	1	0	0	0	0	0	0	0	2	0	1	1	1	0	1	0	-1	0	-1	0	0	0	2	0
RICTOR	0	5p	0	0	0	0	0	0	0	0	0	0	0	0	0	0	1	0	2	0	0	0	0	0	2	0	2	0	0	0	0	0	1	2	0	0	0	0	0	-1	0	0	1	0	0	0	0	0	0	0	2	0	1	1	1	0	1	0	-1	0	-1	0	0	1	2	0
FBXO4	0	5p	0	0	0	0	0	0	0	0	0	0	0	0	0	0	1	0	2	0	0	0	0	0	2	0	2	0	0	0	0	0	1	2	0	0	0	2	0	-1	0	0	1	0	0	0	0	0	0	0	2	0	1	1	1	0	1	0	-1	0	0	0	0	1	2	0
FGF10	0	5p	0	0	0	0	0	0	0	0	0	0	0	0	0	0	1	0	2	0	0	0	0	0	2	0	2	0	0	0	0	0	1	2	0	0	0	1	0	-1	0	0	1	0	0	0	0	0	0	0	2	0	1	1	1	0	1	0	-1	0	0	0	0	1	2	0
MAP3K1	0	5p	0	0	0	0	0	0	0	0	0	0	-1	0	0	0	0	0	-1	0	0	0	-1	-1	0	-1	0	0	-1	0	0	0	0	-1	-1	-1	-1	0	0	-1	0	0	-1	0	0	-1	-1	0	0	0	-1	0	1	0	-1	0	0	0	-1	-1	-1	0	0	0	0	0
ADAMTS6	0	5p	0	0	0	0	-1	0	0	0	0	0	-1	0	0	0	0	0	0	0	0	1	-1	-1	0	-1	0	0	-1	0	0	0	0	-1	-1	-1	-1	0	0	-1	0	0	-1	0	0	-1	-1	0	0	0	-1	0	0	0	-1	0	1	0	-1	-1	-1	0	0	0	0	0
MAST4	0	5p	0	0	0	0	-1	0	0	0	0	0	-1	0	0	0	0	0	0	0	0	1	-1	-1	0	-1	0	0	-1	0	0	0	0	-1	-1	-1	-1	0	0	-1	0	0	-1	0	0	-1	-1	0	0	0	-1	0	0	0	-1	0	1	0	-1	-1	-1	0	0	0	0	0
PIK3R1	0	5p	0	0	0	0	-1	0	0	0	0	0	-1	0	0	0	0	0	0	0	0	1	-1	-1	0	-1	0	0	-1	0	0	0	0	-1	-1	-1	-1	0	0	-1	0	0	-1	0	0	-1	-1	0	0	0	-1	0	0	0	-1	0	0	0	-1	-1	-1	0	0	0	0	0
CCNB1	0	5p	0	0	0	0	-1	0	0	0	0	0	-1	0	0	0	0	0	0	0	0	0	-1	-1	0	-1	0	0	-1	0	0	0	0	-1	-1	-1	-1	0	0	-1	0	0	-1	0	0	-1	-1	0	0	0	-1	0	0	0	-1	0	0	0	-1	-1	-1	0	0	0	0	0
OCLN	0	5p	0	0	0	0	-1	0	0	0	0	0	-1	0	0	0	0	0	0	0	0	0	-1	-1	0	-1	0	0	-1	0	0	0	0	-1	-1	-1	-1	0	0	-1	0	0	-1	0	0	-1	0	0	0	0	-1	0	0	0	-1	0	0	0	-1	-1	-1	0	0	0	0	0
CHD1	0	5p	0	0	0	0	-1	0	-1	0	0	0	-1	0	0	0	0	0	0	0	0	0	0	-1	0	-1	-1	0	-1	0	-1	0	0	-1	1	-1	-1	0	0	2	0	0	-1	0	0	-1	-1	0	0	0	-1	0	0	0	-1	0	0	0	-1	-1	-1	0	0	0	0	0
APC	0	5p	0	0	0	0	-1	0	-1	0	1	0	-1	0	0	0	0	0	0	0	0	0	0	-1	0	-1	0	0	-1	0	-1	0	0	-1	1	-1	-1	0	0	0	0	0	-1	0	0	-1	-1	0	0	0	-1	-1	0	0	-1	0	0	0	-1	-1	-1	0	0	0	0	0
D5S346	0	5p	0	0	0	0	-1	0	-1	0	1	0	-1	0	0	0	0	0	0	0	0	0	0	-1	0	-1	0	0	-1	0	-1	0	0	-1	1	-1	-1	0	0	0	0	0	-1	0	0	-1	-1	0	0	0	-1	-1	0	0	-1	0	0	0	-1	-1	-1	0	0	0	0	0
MCC	0	5p	0	0	0	0	-1	0	-1	0	1	0	-1	0	0	0	0	0	0	0	0	0	0	-1	0	-1	0	0	-1	0	-1	0	0	-1	1	-1	-1	0	0	0	0	0	-1	0	0	-1	-1	0	0	0	-1	-1	0	0	-1	0	0	0	-1	-1	-1	0	0	0	0	0
RAD50	0	5p	0	0	0	0	-1	0	0	0	1	0	-1	0	0	0	0	0	0	0	0	0	0	-1	0	-1	0	0	-1	0	0	0	0	-1	1	-1	-1	0	0	0	0	0	-1	0	0	-1	-1	0	0	0	-1	-1	0	0	-1	0	0	0	-1	-1	-1	0	0	0	0	0
CTNNA1	0	5p	0	0	0	0	-1	0	0	0	1	0	-1	0	0	0	0	0	0	0	0	0	0	0	0	-1	0	0	-1	0	0	0	0	-1	1	-1	-1	0	0	0	0	0	-1	0	0	-1	-1	0	0	0	-1	-1	0	0	-1	0	0	0	-2	-1	0	0	0	0	0	0
NR3C1	0	5p	0	0	0	0	-1	0	0	0	1	0	0	0	0	0	0	0	0	0	0	0	0	0	0	-1	1	0	-1	0	0	0	0	-1	1	-1	-1	0	0	0	0	0	0	0	0	-1	-1	0	0	0	-1	-1	0	0	-1	0	0	0	-1	-1	-1	0	0	0	0	0
CSF1R	0	5p	-1	0	0	0	-1	0	0	0	1	0	0	0	0	0	0	0	0	0	0	0	0	0	0	-1	1	0	-1	0	0	0	0	-1	0	-1	-1	0	0	0	0	0	0	0	0	-1	-1	0	0	0	-1	-1	0	0	-1	0	1	0	-1	-1	0	0	0	0	0	0
PDGFRB	0	5p	-1	0	0	0	-1	0	0	0	1	0	0	0	0	0	0	0	0	0	0	0	0	0	0	-1	1	0	-1	0	0	0	0	-1	0	-1	-1	0	0	0	0	0	0	0	0	-1	-1	0	0	0	-1	-1	0	0	-1	0	1	0	-1	-1	0	0	0	0	0	0
PTTG1	0	5p	0	0	0	0	-1	0	0	0	1	0	0	0	0	0	0	0	0	0	0	0	0	0	0	-1	1	0	-1	0	0	0	0	-1	0	-1	-1	0	0	0	0	0	0	0	0	-1	-1	0	0	0	-1	-1	0	0	-1	0	1	0	-1	-1	0	0	0	0	0	0
RARS	0	5p	0	0	0	0	0	0	0	0	1	0	0	0	0	0	0	0	0	0	0	0	0	0	0	-1	2	0	-1	0	0	0	0	-1	0	-1	-1	0	0	0	0	0	0	0	0	-1	-1	0	0	0	-1	-1	0	0	-1	0	1	0	-1	-1	0	0	0	0	0	0
NPM1	0	5p	0	0	0	0	0	0	0	0	1	0	0	0	0	0	0	0	0	0	0	0	0	0	0	-1	2	0	-1	0	0	0	0	-1	0	-1	-1	0	0	0	0	0	0	0	0	-1	-1	0	0	0	-1	-1	0	0	-1	0	1	0	-1	-1	0	0	0	0	0	0
FGFR4	0	5p	0	0	0	0	0	0	0	0	1	0	0	0	0	0	0	0	0	0	0	0	0	0	0	-1	2	0	-1	2	0	0	0	-1	0	-1	-1	0	0	0	0	0	0	0	0	-1	-1	0	0	0	-1	-1	0	0	0	0	1	0	-1	-1	0	0	0	0	0	0
PROP1	0	5p	0	0	0	0	0	1	0	0	1	0	0	0	0	0	0	0	0	0	0	0	0	0	0	-1	2	0	-1	0	0	0	0	-1	0	-1	-1	0	0	0	0	0	0	0	0	-1	-1	0	0	0	-1	-1	0	0	-1	0	1	0	-1	-1	0	0	0	0	0	0
FLT4	0	5p	0	0	0	0	0	1	0	0	1	0	0	0	0	0	0	0	0	0	0	0	0	0	0	-1	2	0	-1	0	0	0	0	0	0	-1	-1	0	0	0	0	0	0	0	0	-1	-1	0	0	0	-1	-1	0	0	-1	0	1	0	-1	-1	0	0	0	0	0	0
IRF4	0	6p	0	0	0	0	0	-1	0	0	2	0	0	-1	-1	1	0	0	1	0	0	-1	0	-1	1	0	0	0	0	-1	-1	-1	0	0	0	-1	-1	1	0	0	-1	0	-1	0	0	1	0	0	0	0	-1	0	1	1	0	-1	0	0	-1	0	-1	0	0	0	0	0
TPMT	0	6p	0	0	0	0	0	-1	0	0	2	0	0	-1	-1	1	0	0	0	0	0	-1	0	-1	1	0	0	0	0	0	0	-1	0	0	0	-1	0	1	0	0	1	0	-1	0	0	1	0	0	0	0	-2	0	1	1	0	-1	0	0	-1	0	-1	0	0	0	0	0
DPCR1	0	6p	0	0	0	0	0	-1	0	0	2	0	0	-1	1	1	0	0	0	0	0	0	0	0	1	0	1	0	0	0	0	0	0	0	0	0	0	1	0	0	0	0	0	0	0	1	0	0	0	0	-1	0	0	1	0	-1	1	0	-1	0	0	0	0	0	0	0
CYP21A2	0	6p	0	0	0	0	0	-1	0	0	2	0	0	-1	1	1	0	0	0	0	0	0	0	0	1	0	1	0	0	2	1	0	0	0	0	0	0	1	0	0	0	0	0	0	0	1	0	0	0	0	-1	0	0	1	0	2	1	0	-1	0	0	0	0	0	0	0
DAXX	0	6p	0	0	0	0	0	-1	0	0	2	0	0	-1	1	1	0	0	0	0	0	0	0	0	1	0	1	0	0	0	1	0	0	0	0	0	0	1	0	0	0	0	0	0	0	1	0	0	0	0	-1	0	0	1	0	-1	1	0	-1	0	0	0	0	0	0	0
HMGA1	0	6p	0	0	0	0	0	-1	0	0	2	0	0	-1	1	1	0	0	0	0	0	0	0	0	1	0	1	0	0	0	0	0	0	0	0	0	0	1	0	0	0	0	0	0	0	1	0	0	0	0	-1	0	0	1	0	-1	1	0	-1	0	0	0	0	0	0	0
FANCE	0	6p	0	0	0	0	0	-1	0	0	2	0	0	-1	0	1	0	0	0	0	0	0	0	0	1	0	1	0	0	0	0	0	0	0	0	0	0	1	0	0	0	0	0	0	0	1	0	0	0	0	0	0	0	1	0	-1	1	0	-1	0	0	0	0	0	0	0
CDKN1A	0	6p	0	0	0	0	0	-1	0	0	2	0	0	-1	0	1	0	0	0	0	0	0	0	0	1	0	1	0	0	0	0	0	0	0	0	0	0	1	0	0	0	0	0	0	0	1	0	0	0	0	0	0	0	1	0	-1	1	0	-1	0	0	0	0	0	0	0
CCND3	0	6p	1	0	0	0	0	2	0	0	2	0	0	-1	0	1	0	0	2	0	0	0	0	-1	1	0	1	0	0	1	0	0	0	0	1	0	0	1	0	0	1	0	0	0	0	1	0	1	0	0	-1	2	0	1	0	-1	1	0	-1	0	0	0	0	0	0	0
VEGFA	0	6p	1	0	0	0	0	2	0	0	2	0	0	-1	0	1	0	0	2	0	0	0	0	-1	1	0	1	0	0	1	0	0	0	0	1	0	0	1	0	0	2	0	0	0	0	1	0	1	0	0	-1	2	0	1	0	-1	1	0	-1	0	0	0	0	0	0	0
DST	0	6p	2	0	0	0	0	0	0	0	2	0	0	-1	0	1	0	0	2	0	0	0	0	-1	1	0	1	0	0	0	0	0	0	0	1	0	0	1	0	0	0	0	0	0	0	1	0	2	0	0	0	2	0	0	0	-1	1	0	-1	0	0	0	0	0	0	0
CGA	0	6p	0	0	0	0	0	-1	0	-1	0	0	-1	-1	0	0	0	0	0	0	0	0	0	0	1	0	0	0	0	0	-1	0	0	0	0	0	0	1	-1	0	0	0	0	0	0	1	0	0	0	0	0	0	0	0	0	-1	0	0	-1	0	0	0	0	0	0	0
PRDM1	0	6p	1	0	0	0	0	-1	0	-1	0	0	-1	-1	0	0	0	0	-1	0	0	0	0	2	1	0	2	0	0	2	-1	0	0	0	0	0	0	1	-1	0	0	1	0	0	0	1	0	0	0	0	0	0	0	0	0	-1	0	0	-1	0	0	0	0	2	0	0
SNX3	0	6p	1	0	0	0	0	-1	0	-1	0	0	0	-1	0	0	0	0	-1	0	0	0	0	0	1	0	2	0	0	0	-1	0	0	0	0	0	0	1	-1	0	0	1	0	0	0	1	0	0	0	0	2	0	0	0	0	-1	0	0	-1	0	0	0	0	1	0	0
WISP3	0	6p	0	0	0	0	0	-1	0	-1	1	0	0	-1	0	0	0	0	-1	0	0	0	0	0	1	0	1	0	0	0	-1	0	0	0	0	0	0	1	-1	0	0	1	0	0	0	0	0	0	0	0	2	0	0	0	0	-1	0	0	-1	0	0	0	0	1	0	0
ROS1	0	6p	0	0	0	0	0	-1	0	-1	1	0	0	-1	0	0	0	0	-1	0	0	0	0	0	1	0	1	0	0	0	-1	0	0	0	0	0	0	1	-1	0	0	1	0	0	0	0	0	0	0	0	0	0	0	0	0	-1	0	0	-1	0	0	0	0	1	0	0
MAN1A1	0	6p	0	0	0	0	0	-1	0	-1	1	0	0	-1	0	0	0	0	-1	0	0	0	0	0	1	0	0	0	0	0	-1	0	0	0	0	0	0	1	-1	0	0	1	0	0	0	0	0	0	0	0	0	0	0	0	0	-1	0	0	-1	0	0	0	0	1	0	0
TNFAIP3	0	6p	0	0	0	0	0	-1	0	-1	1	0	0	-1	0	0	0	0	0	0	0	0	0	0	1	0	0	0	0	0	0	0	0	0	0	0	0	1	-1	0	0	1	0	0	0	0	0	0	0	0	0	0	0	0	0	-1	1	0	-1	0	0	0	0	2	0	0
ESR1	0	6p	0	0	0	0	0	-1	0	-1	1	0	-1	-1	0	0	0	0	0	0	0	0	0	0	1	0	0	0	0	0	0	0	0	0	0	0	0	1	-1	0	0	1	0	0	0	0	0	0	0	0	0	0	0	0	0	-1	1	0	-1	0	0	0	0	0	0	0
CARD11	0	7p	0	0	0	0	0	1	1	0	2	0	1	0	1	1	0	1	0	0	0	1	0	0	1	0	2	0	1	0	1	0	1	0	0	0	0	0	0	0	0	1	0	0	0	0	0	0	0	1	0	2	2	1	0	0	1	0	0	0	0	1	0	1	1	0
PMS2	0	7p	0	0	0	0	0	1	1	0	2	-1	0	0	1	1	0	1	0	0	0	1	0	0	1	0	2	0	1	0	1	0	1	0	0	0	0	0	0	0	0	1	0	0	0	0	0	0	0	1	0	1	2	1	0	0	1	0	0	0	0	1	0	1	1	0
RAC1	0	7p	0	0	0	0	0	1	1	0	2	-1	0	0	1	1	0	1	0	0	0	1	0	0	1	0	2	0	1	0	1	0	1	0	0	0	0	0	0	0	0	1	0	0	0	0	0	0	0	1	0	1	2	1	0	0	1	0	0	0	0	1	0	1	1	0
AHR	0	7p	0	0	0	0	0	1	2	0	2	1	-1	0	1	1	0	1	0	0	0	0	0	0	1	0	1	0	1	0	1	0	1	0	0	0	0	0	0	0	0	1	0	0	0	0	0	0	0	1	0	-1	2	1	1	0	1	0	0	0	0	1	0	1	1	0
INHBA	0	7p	0	0	0	0	0	1	1	0	2	1	0	0	2	0	0	1	0	0	0	0	0	0	1	0	1	0	1	0	1	0	1	0	0	0	0	0	0	0	0	1	0	0	0	0	0	0	0	1	0	2	2	1	0	0	0	0	0	0	0	1	0	1	1	0
OGDH	0	7p	0	0	0	0	0	1	1	0	2	1	0	0	2	0	0	1	0	0	0	0	0	0	1	0	1	0	1	0	1	0	1	0	0	0	0	0	0	0	0	1	0	0	0	0	0	0	0	1	0	2	2	1	0	0	0	0	0	0	0	1	0	1	1	0
NACAD	0	7p	0	0	0	0	0	1	1	0	2	1	0	0	2	0	0	0	0	0	0	0	0	0	1	0	1	0	1	0	1	0	1	0	0	0	0	0	0	0	0	1	0	0	0	0	0	0	0	1	0	2	2	1	0	0	0	0	0	0	0	1	0	1	1	0
IKZF1	0	7p	0	0	0	0	0	1	1	0	2	1	0	0	2	0	0	1	0	0	0	0	0	0	1	0	1	0	1	0	1	0	1	0	0	0	0	0	0	0	0	1	0	0	0	0	0	1	0	1	0	2	2	1	0	0	0	0	0	0	0	1	0	1	1	0
EGFR	0	7p	2	0	0	0	0	1	2	0	2	1	0	0	1	1	0	1	0	0	0	0	0	2	1	0	2	0	1	0	1	0	1	0	0	0	2	2	0	0	0	1	0	0	0	0	0	1	0	2	0	2	2	1	0	0	0	2	0	0	0	1	0	1	1	0
HGF	0	7p	-1	0	0	0	0	2	1	0	2	1	0	0	0	1	0	1	0	0	0	0	0	0	1	0	0	0	0	0	1	0	0	0	0	0	0	1	0	0	0	1	0	0	0	0	0	0	0	0	0	1	1	1	0	0	0	0	0	0	0	1	0	1	1	0
DBF4	0	7p	0	0	0	0	0	2	1	0	2	1	0	0	0	1	0	2	0	0	0	0	0	0	1	0	0	0	0	0	1	0	0	0	0	0	0	0	0	0	1	1	0	0	0	0	0	0	0	0	0	1	1	1	0	0	0	2	0	0	0	1	0	1	1	0
CDK6	0	7p	2	0	0	0	0	2	1	0	2	1	0	0	0	1	1	1	0	0	0	0	0	0	1	0	0	0	0	0	1	0	0	2	0	0	0	2	0	0	1	2	0	0	0	0	0	0	0	2	0	1	1	1	0	0	0	2	0	0	0	1	2	1	1	0
RASA4	0	7p	-1	0	1	2	0	2	0	-2	2	-1	0	1	0	0	-2	1	2	0	0	2	0	-2	0	0	1	0	2	0	1	2	0	0	-1	0	-1	-1	-2	-1	0	1	-1	0	-2	0	0	0	2	2	-1	1	1	0	-1	0	0	0	0	0	0	1	0	1	1	0
PIK3CG	0	7p	0	-1	0	0	0	-1	1	0	2	1	0	0	0	0	-1	1	0	0	0	0	0	0	1	0	1	0	-1	0	1	0	0	0	0	0	-1	0	0	-1	0	1	0	0	0	0	0	0	0	0	0	1	1	1	0	0	0	0	0	0	0	1	0	1	0	0
MET	0	7p	-1	-1	0	0	0	-1	0	0	2	1	0	0	0	0	-1	1	0	0	0	-1	-1	0	1	0	0	0	-1	0	1	0	0	0	0	0	-1	0	0	-1	0	0	0	0	0	0	0	0	0	0	0	1	0	1	0	-1	0	0	0	0	0	1	0	1	0	0
SMO	0	7p	-1	-1	0	0	-1	-1	0	0	2	1	0	0	0	0	-1	1	0	0	0	-1	-1	0	1	0	0	0	-1	0	1	0	0	0	0	0	-1	0	0	-1	0	0	0	0	0	0	-1	0	0	0	0	1	0	1	0	-1	0	0	0	0	0	1	0	1	0	0
TBXAS1	0	7p	-1	-1	0	0	0	-1	0	0	2	1	0	0	0	0	-1	0	0	0	0	-1	-1	0	1	0	0	0	-1	0	1	0	0	0	0	0	-1	0	0	-1	0	0	0	0	0	0	-1	0	0	0	0	1	0	1	0	-1	0	0	0	0	0	1	0	1	1	0
BRAF	0	7p	-1	-1	0	0	0	-1	0	0	2	1	-1	0	0	0	-1	0	0	0	0	-1	-1	0	1	0	0	0	-1	0	1	0	0	0	0	0	-1	0	0	-1	0	0	0	0	0	0	-1	0	0	0	0	1	0	1	0	-1	0	0	0	0	0	1	0	1	0	0
MGAM	0	7p	-1	-1	0	0	0	-1	0	0	2	1	-1	0	0	0	-1	0	0	0	0	-1	-1	0	1	0	0	0	-1	0	1	0	0	0	0	0	-1	0	0	-1	0	0	0	0	-1	0	-1	0	0	0	0	1	0	1	0	-1	1	0	0	0	0	1	0	1	0	0
EZH2	0	7p	-1	-1	0	0	0	-1	0	0	2	1	-1	0	0	0	-1	0	0	0	0	-1	-1	0	1	0	0	0	-1	0	1	0	0	0	0	0	-1	0	0	-1	0	0	0	0	0	0	-1	0	0	0	0	1	0	1	0	-1	0	0	0	0	0	1	0	1	0	0
KMT2C	0	7p	-1	-1	0	0	0	-1	0	0	2	1	-1	0	0	0	-1	0	0	0	0	-1	-1	0	1	0	0	0	-1	0	1	0	0	0	0	-1	-1	0	0	-1	0	0	0	0	0	0	-1	0	0	0	0	1	0	0	0	-1	0	0	0	0	0	1	0	1	0	0
SHH	0	7p	-1	-1	0	0	0	-1	0	0	2	1	0	0	0	0	-1	0	0	0	0	-1	-1	0	1	0	0	0	-1	0	1	0	0	0	0	-1	-1	0	0	-1	0	0	0	0	0	0	-1	0	0	0	1	1	0	1	0	0	0	0	0	0	0	1	0	1	0	0
CCAR2	0	8p	0	0	0	0	0	-1	-1	0	0	0	-1	0	-1	0	-1	1	-1	0	0	0	0	0	0	0	-1	0	0	0	-1	0	0	0	0	0	-1	1	-1	0	-1	1	0	0	0	0	-1	0	0	0	-1	-1	0	1	0	-1	0	0	-1	0	0	0	0	0	0	0
NKX3-1	0	8p	0	0	0	0	0	-1	-1	0	0	0	-1	0	-1	0	-1	1	-1	0	0	0	0	0	0	0	-1	0	0	0	-1	0	0	0	0	0	-1	1	-1	0	-1	1	0	0	0	0	-1	0	0	0	-1	-1	0	1	0	-1	0	0	-1	0	0	0	0	0	0	0
ZNF703	0	8p	0	0	0	0	0	0	0	0	0	0	0	0	0	0	-1	1	-1	0	0	0	0	0	0	0	0	0	0	0	0	0	0	0	0	0	1	1	-1	0	0	1	0	0	0	0	-1	0	0	0	-1	-1	0	1	0	-1	0	0	-1	0	0	0	0	0	0	0
GPR124	0	8p	0	0	0	0	0	0	0	0	0	0	0	0	0	0	-1	1	-1	0	0	0	0	0	0	0	0	0	0	0	0	0	0	0	0	0	1	1	-1	0	0	1	0	0	0	0	-1	0	0	0	-1	-1	0	1	0	-1	0	0	-1	0	0	0	0	0	0	0
FGFR1	0	8p	0	0	0	0	0	0	0	0	0	0	0	0	0	0	-1	1	-1	0	0	0	0	0	0	0	0	0	0	0	0	0	0	0	0	0	-1	1	-1	0	0	1	0	0	0	0	-1	0	0	0	-1	-1	0	1	0	-1	0	0	-1	0	0	0	0	0	0	0
KAT6A	0	8p	0	0	0	0	0	0	0	0	0	0	0	0	0	0	-1	1	2	0	0	0	0	0	0	0	0	0	0	0	0	0	0	0	0	0	1	1	-1	0	-1	1	0	0	0	0	-1	0	0	0	-1	-1	0	1	0	-1	2	0	0	0	0	0	0	0	0	0
PRKDC	0	8p	0	-1	0	0	1	0	0	0	1	0	0	0	0	0	0	1	0	0	0	-1	0	0	2	-1	0	0	0	0	0	0	1	0	0	0	-1	1	0	0	-1	1	0	0	0	1	-1	0	0	1	-1	-1	0	1	0	0	-1	0	0	0	-1	0	0	0	0	0
CHD7	0	8p	1	-1	0	0	1	0	1	0	1	0	0	0	1	0	0	1	1	0	0	0	0	0	2	0	-1	0	0	0	0	0	1	0	1	0	-1	2	0	0	-1	1	0	0	0	1	-1	0	0	1	-1	0	0	1	0	0	0	0	0	0	-1	0	0	0	1	0
NBN	0	8p	0	-1	0	0	1	1	0	0	1	0	1	0	1	0	0	1	0	0	0	0	0	0	2	0	0	0	0	0	0	0	1	1	1	0	-1	2	0	0	-1	1	0	0	0	1	0	1	0	1	-1	0	0	1	0	0	0	1	0	0	0	0	0	2	1	0
MYC	0	8p	1	-1	0	0	1	1	1	0	1	0	1	0	1	2	2	1	2	0	0	1	0	0	2	0	0	0	0	2	0	0	1	1	2	0	2	2	0	0	1	1	0	0	0	1	0	1	0	1	2	1	0	2	0	0	0	1	0	0	0	0	0	2	1	0
chr8:143740227-143747517	0	8p	1	-1	0	0	1	1	1	0	1	0	0	0	1	0	-1	0	0	0	0	1	0	0	2	0	0	0	0	0	0	0	1	1	2	0	-1	2	0	0	-1	1	0	0	0	1	0	0	0	1	-1	0	0	1	0	0	0	1	0	0	0	0	0	2	1	0
PARP10	0	8p	1	-1	0	0	1	1	1	0	1	0	0	0	1	0	-1	0	0	0	0	1	0	0	2	0	0	0	0	0	0	0	2	1	2	0	-1	2	0	0	-1	1	0	0	0	1	0	0	0	1	-1	0	0	2	0	0	0	1	0	0	0	0	0	2	1	0
JAK2	0	9p	0	-1	0	0	0	-1	-1	-1	0	0	-1	0	0	0	-1	0	-1	0	0	-1	-1	-1	1	0	0	0	0	0	-1	0	-1	-1	0	-1	-1	0	-1	-1	0	0	-1	0	-1	0	-1	-1	0	0	-1	0	-1	1	-1	0	0	0	0	0	0	0	0	0	1	0
CDKN2A	0	9p	0	-1	0	-2	0	-1	-1	-2	0	0	-1	-1	0	0	-1	-2	-1	-1	0	-1	-1	-1	-2	0	-2	0	0	0	-1	0	-1	-2	-1	-1	-1	0	-1	-1	0	0	-1	0	-1	-1	-1	0	0	0	-1	-1	0	1	-1	0	-1	0	0	0	0	-2	0	0	0	0
CDKN2B	0	9p	0	-1	0	-2	0	-1	-1	-2	0	0	-1	-1	0	0	-1	-2	-1	-1	0	-1	-1	-1	-2	0	-2	0	0	0	-1	0	-1	-2	-1	-1	-1	0	-1	-1	0	0	-1	0	-1	-1	-1	0	0	0	-1	-1	0	1	-1	0	-1	0	0	0	0	-2	0	0	0	0
FANCG	0	9p	0	-1	0	0	0	-1	0	-1	0	0	0	0	0	0	-1	0	1	0	0	-1	-1	-1	1	0	0	0	0	0	-1	0	0	0	1	-1	-1	0	-1	0	0	0	-1	0	-1	0	2	0	0	0	0	0	0	1	-1	0	1	0	0	0	0	1	0	0	0	0
PAX5	0	9p	0	-1	0	0	0	-1	0	1	0	0	0	0	0	0	-1	0	0	0	0	-1	-1	-1	1	0	0	0	0	0	-1	0	0	0	1	-1	-1	0	-1	0	0	0	-1	0	-1	0	1	0	0	0	0	0	0	1	-1	0	1	0	0	0	0	1	0	0	0	0
GNAQ	0	9p	2	0	0	0	0	0	0	0	1	0	0	0	0	0	0	0	1	0	0	-1	-1	-1	1	0	0	0	0	0	-1	0	0	0	0	0	0	1	-1	0	0	0	0	0	-1	0	0	0	0	0	-1	0	0	0	-1	0	0	0	0	0	0	1	0	0	0	0
NTRK2	0	9p	0	0	0	0	0	0	0	0	1	0	-1	0	0	0	0	0	1	0	0	-1	-1	-1	1	0	0	0	0	0	-1	0	0	0	0	0	0	1	-1	0	0	0	0	0	-1	0	0	0	0	0	-1	0	0	0	-1	0	0	0	0	0	0	1	0	0	0	0
GADD45G	0	9p	0	0	0	0	0	0	0	0	1	0	-1	0	0	0	0	0	1	0	0	-1	-1	-1	1	0	0	0	0	0	-1	0	0	0	0	0	0	1	-1	0	0	0	0	0	-1	0	0	0	0	0	0	0	0	0	-1	0	0	0	0	0	0	1	0	0	0	0
FANCC	0	9p	0	0	0	0	0	0	0	0	1	0	1	0	0	0	0	0	2	0	0	-1	-1	-1	1	0	0	0	0	0	-1	0	0	0	1	0	0	1	-1	0	0	0	0	0	-1	0	0	0	0	0	0	0	0	1	-1	0	0	0	0	0	0	1	0	0	0	0
PTCH1	0	9p	0	0	0	0	0	0	0	0	1	0	0	0	0	0	0	0	0	0	0	-1	-1	-1	1	0	0	0	0	0	-1	0	0	0	1	0	0	1	-1	0	0	0	0	0	-1	0	0	0	0	0	0	0	0	0	-1	0	0	0	0	0	0	1	0	0	0	0
LHX2	0	9p	0	0	0	1	0	0	0	0	1	0	0	0	0	0	0	0	0	0	0	-1	-1	-1	1	0	0	0	0	0	-1	0	0	0	1	0	0	1	-1	0	0	0	0	0	-1	0	0	0	0	0	0	1	1	0	0	0	0	0	1	0	0	1	0	0	0	0
ABL1	0	9p	0	0	0	1	0	0	0	0	1	0	0	0	0	0	0	0	0	0	0	-1	0	-1	1	0	0	0	0	0	0	0	0	0	1	0	0	1	-1	0	0	0	0	0	-1	0	0	0	0	0	0	1	1	0	0	0	0	0	1	0	0	1	0	0	1	0
TSC1	0	9p	0	0	0	1	0	0	0	0	1	0	0	0	0	0	0	0	0	0	0	-1	0	-1	1	0	0	0	0	0	0	0	0	0	1	0	0	1	-1	0	0	0	0	0	-1	0	0	0	0	0	0	1	1	0	0	0	0	0	1	0	0	1	0	0	1	0
REXO4	0	9p	0	0	0	1	0	0	0	0	1	0	0	0	0	0	0	0	0	0	0	-1	0	-1	1	0	0	0	0	0	0	0	0	0	0	0	0	1	-1	0	0	0	0	0	-1	0	0	0	0	0	0	1	1	0	0	0	0	0	1	0	0	1	0	0	1	0
LHX3	0	9p	0	0	0	1	0	0	0	0	1	0	0	0	0	0	0	0	0	0	0	-1	-1	-1	1	0	0	0	0	0	0	0	0	0	0	0	0	1	-1	0	0	0	0	0	-1	0	0	0	0	0	0	1	1	0	0	0	0	0	1	0	0	1	0	0	1	0
NOTCH1	0	9p	1	0	0	1	0	0	0	0	1	0	0	0	0	0	0	0	1	0	0	-1	-1	-1	1	0	0	1	0	0	0	0	0	0	0	0	0	1	-1	0	0	0	0	0	-1	0	0	0	0	0	0	1	1	0	0	0	0	0	1	0	0	1	0	0	1	0
EGFL7	0	9p	1	0	0	1	0	0	0	0	1	0	0	0	0	0	0	0	1	0	0	-1	-1	-1	1	0	0	1	0	0	0	0	0	0	0	0	0	1	-1	0	0	0	0	0	-1	0	0	0	0	0	0	1	1	0	1	0	0	0	1	0	0	1	0	0	1	0
GRIN1	0	9p	1	0	0	0	0	0	0	0	1	0	0	0	0	0	0	0	1	0	0	-1	-1	-1	1	0	0	1	0	0	0	0	0	0	0	0	0	1	-1	0	1	0	0	0	-1	0	0	0	0	0	0	2	1	0	2	0	0	0	1	0	0	1	0	0	1	0
GATA3	0	10p	0	0	-1	1	0	-1	0	0	1	0	-1	0	0	0	0	0	0	0	0	0	0	0	0	-1	0	0	0	0	0	0	0	0	0	0	0	1	0	1	-1	0	0	0	0	0	0	0	0	0	-1	0	1	0	0	0	0	1	0	0	0	1	0	0	0	0
RAB18	0	10p	0	0	-1	1	0	-1	0	0	1	0	-1	0	0	0	0	0	0	0	0	0	0	0	0	-1	0	0	0	0	0	0	0	0	0	0	0	2	0	1	0	0	0	0	0	0	0	0	0	0	-1	0	1	0	0	0	0	1	0	0	0	1	0	0	0	0
RET	0	10p	0	0	0	1	0	-1	0	0	1	0	0	0	0	0	0	0	0	0	0	1	0	0	1	-1	0	0	0	0	0	0	0	0	1	0	0	0	0	0	0	0	0	0	0	0	0	0	0	0	-1	1	0	0	0	0	1	0	0	0	0	1	0	0	0	0
SIRT1	0	10p	0	0	0	0	0	-1	0	0	0	0	0	0	-1	0	0	0	0	0	0	0	0	0	1	-1	0	0	0	0	0	0	0	0	1	-1	0	0	0	0	0	0	0	0	1	0	0	0	0	0	-1	0	1	0	-1	0	1	0	0	0	0	1	0	0	1	0
SUPV3L1	0	10p	0	0	0	0	0	-1	0	0	0	0	0	0	-1	0	0	0	0	0	0	0	0	0	1	-1	0	0	0	0	0	0	0	0	1	-1	0	0	0	0	0	0	0	0	1	0	0	0	0	0	-1	0	1	1	-1	0	1	0	0	0	0	1	0	0	1	0
BMPR1A	0	10p	0	0	0	0	0	-1	0	0	-2	0	-1	0	-1	0	0	0	0	0	0	0	0	0	1	-1	0	0	0	0	0	0	0	0	0	0	0	0	0	-1	0	0	0	0	1	0	0	0	0	0	-1	0	0	0	-1	0	1	0	0	0	0	1	0	0	0	0
PTEN	0	10p	0	0	0	0	0	-1	0	0	0	0	-1	0	-1	0	0	0	0	0	0	0	0	0	1	-1	0	0	0	0	0	0	0	0	0	0	0	0	0	-1	0	0	0	0	1	0	0	0	0	0	-1	0	0	0	-1	0	1	0	0	0	0	1	0	0	0	0
FGF8	0	10p	0	0	0	0	0	-1	0	0	1	0	-1	0	-1	0	0	0	0	0	0	0	0	0	1	-1	0	0	0	0	0	0	0	0	0	0	0	0	0	0	0	0	0	0	1	0	0	0	0	0	-1	0	0	0	-1	0	1	0	0	0	0	1	0	0	-1	0
SUFU	0	10p	0	0	0	0	0	-1	0	0	1	0	-1	0	-1	0	0	0	0	0	0	0	0	0	1	-1	0	0	0	0	0	0	0	0	0	0	0	0	0	0	0	0	0	0	1	0	0	0	0	0	-1	0	0	0	-1	0	1	0	0	0	0	1	0	0	-1	0
FGFR2	0	10p	0	0	0	0	0	-1	0	0	1	0	0	0	0	2	0	0	0	0	0	1	0	0	1	-1	0	0	0	0	0	0	0	0	1	0	0	0	0	0	0	0	0	0	1	0	0	2	0	0	0	0	0	0	0	0	1	0	0	0	0	1	0	0	2	0
MGMT	0	10p	0	0	0	0	0	-1	0	0	1	0	0	0	0	0	0	0	0	0	0	1	0	0	1	-1	0	0	0	0	0	0	0	0	1	0	0	0	0	0	0	0	0	0	2	0	0	0	0	0	0	0	0	0	0	0	1	0	0	0	0	1	0	0	0	0
HRAS	0	11p	0	-1	0	0	1	0	0	0	1	0	-1	0	0	0	0	1	0	0	0	0	0	0	1	-1	1	0	0	0	0	-1	0	-1	0	-1	-1	0	0	0	0	1	0	0	-1	0	0	0	0	0	0	-1	0	0	0	0	0	0	0	0	0	0	0	0	0	0
TH	0	11p	0	-1	0	0	1	0	0	0	1	0	-1	0	0	0	0	1	0	0	0	0	0	0	1	-1	1	0	0	0	0	-1	0	-1	0	-1	-1	0	0	0	0	1	0	0	-1	0	0	0	0	0	0	-1	0	0	0	0	0	0	0	0	0	2	0	0	0	0
OR51B4	0	11p	0	-1	0	0	1	0	0	0	1	0	-1	0	0	0	0	1	0	0	0	0	0	0	1	-1	1	0	0	0	0	-1	0	-1	0	-1	-1	0	0	0	0	1	0	0	-1	0	0	0	0	0	0	-1	0	0	0	0	0	0	0	0	0	0	0	0	0	0
FANCF	0	11p	0	-1	0	0	1	0	0	0	2	0	-1	0	0	0	0	1	0	0	0	0	0	0	1	-1	1	0	0	0	0	-1	0	-1	0	-1	-1	0	0	0	0	1	0	0	-1	0	0	0	0	0	0	0	0	0	0	0	0	0	0	0	0	0	0	0	0	0
FSHB	0	11p	0	-1	0	0	1	0	0	0	2	0	-1	0	0	0	0	1	0	0	0	0	0	0	1	-1	1	0	0	0	0	-1	0	0	0	-1	-1	0	0	0	0	1	0	0	-1	1	0	1	0	0	0	0	0	0	0	0	0	0	0	0	0	0	0	0	0	0
PAX6	0	11p	0	-1	0	0	1	0	0	0	2	0	-1	0	0	0	0	1	0	0	0	0	0	0	1	-1	1	0	0	0	0	-1	0	0	0	-1	-1	1	0	0	0	1	0	0	-1	1	0	1	0	0	0	0	0	0	0	0	0	0	0	0	0	0	0	0	0	0
WT1	0	11p	0	-1	0	0	1	0	0	0	2	0	-1	0	0	0	0	1	0	0	0	0	0	0	1	-1	1	0	0	0	0	-1	0	0	0	-1	-1	1	0	0	0	1	0	0	-1	1	0	1	0	0	0	0	0	0	0	0	0	0	0	0	0	0	0	0	0	0
OSBP	0	11p	0	-1	0	0	0	0	0	0	2	0	0	0	0	0	0	0	0	0	0	0	0	0	1	-1	1	0	0	0	0	-1	0	0	0	0	0	0	0	-1	0	1	0	0	0	0	0	0	0	0	0	0	0	0	0	-1	0	0	0	0	0	0	0	0	0	0
SDHAF2	0	11p	0	-1	0	0	0	0	0	0	2	0	0	0	0	0	0	0	0	0	0	0	0	0	1	-1	1	0	0	0	0	-1	0	0	1	0	0	0	0	-1	0	1	0	0	0	0	0	0	0	0	0	0	0	0	0	-1	0	0	0	0	0	0	0	-1	0	0
MEN1	0	11p	0	-1	0	0	0	0	0	0	2	0	0	0	0	0	0	0	0	0	0	0	0	0	1	-1	1	0	0	0	0	-1	0	0	1	0	0	0	0	-1	0	1	0	0	0	0	0	0	0	0	0	0	0	0	0	-1	0	0	0	0	0	0	0	0	0	0
CAPN1	0	11p	0	-1	0	0	0	0	0	0	2	0	0	0	0	0	0	0	0	0	0	0	0	0	1	-1	1	0	0	0	0	-1	0	0	1	0	0	0	0	-1	0	1	0	0	0	0	0	0	0	0	0	0	0	0	0	-1	0	0	0	0	0	0	0	0	0	0
AIP	0	11p	0	-1	0	0	0	0	0	0	2	0	0	0	0	0	0	2	0	0	0	0	0	0	1	-1	1	0	0	0	0	-1	0	0	1	0	0	0	0	-1	0	1	0	0	0	0	0	0	0	0	0	0	0	0	0	1	0	0	0	0	0	0	0	2	0	0
CCND1	0	11p	2	-1	0	0	0	0	0	0	2	0	0	0	0	0	2	2	0	0	0	0	0	2	1	-1	1	0	0	0	0	-1	0	0	1	0	0	1	0	-1	0	1	0	0	0	1	0	0	0	0	0	1	0	0	0	1	0	0	0	0	0	0	0	2	0	0
FGF19	0	11p	2	-1	0	0	0	0	0	0	2	0	0	0	0	0	2	2	0	0	0	0	0	2	1	-1	1	0	0	0	0	-1	0	0	1	0	0	1	0	-1	0	1	0	0	0	1	0	0	0	0	0	1	0	0	0	1	0	0	0	0	0	0	0	-1	0	0
FGF4	0	11p	2	-1	0	0	0	0	0	0	2	0	0	0	0	0	2	2	0	0	0	0	0	2	1	-1	1	0	0	0	0	-1	0	0	1	0	0	1	0	-1	0	1	0	0	0	1	0	0	0	0	0	1	0	0	0	1	0	0	0	0	0	0	0	-1	0	0
FGF3	0	11p	2	-1	0	0	0	0	0	0	2	0	0	0	0	0	2	2	0	0	0	0	0	2	1	-1	1	0	0	0	0	-1	0	0	1	0	0	1	0	-1	0	1	0	0	0	1	0	0	0	0	0	1	0	0	0	1	0	0	0	0	0	0	0	-1	0	0
UCP3	0	11p	2	-1	0	0	0	0	0	0	2	0	0	0	0	0	-1	0	0	0	0	0	0	1	1	-1	1	0	0	0	0	-1	1	0	1	0	0	1	0	-1	0	1	0	0	0	1	0	0	0	0	0	0	0	0	0	0	0	0	0	0	0	0	0	2	1	0
C2CD3	0	11p	2	-1	0	0	0	0	0	0	2	0	0	0	0	0	-1	0	0	0	0	0	0	1	1	-1	1	0	0	0	0	-1	1	0	1	0	0	1	0	-1	0	1	0	0	0	1	0	0	0	0	0	0	0	0	0	0	0	0	0	0	0	0	0	2	1	0
C11orf30	0	11p	2	-1	0	0	2	0	0	0	2	0	0	0	0	0	1	0	0	0	0	0	0	0	1	-1	1	0	0	0	0	-1	1	0	1	0	0	0	0	-1	0	1	0	0	0	1	0	0	0	0	0	0	0	0	0	0	0	0	0	0	0	0	0	2	1	0
MRE11A	0	11p	1	-1	0	0	0	0	0	0	2	0	0	0	0	0	-1	0	0	0	0	0	0	-1	1	-1	0	0	0	0	0	-1	1	0	0	0	0	1	0	-1	-1	1	0	0	0	0	0	0	0	0	0	-1	0	0	0	0	0	0	0	0	0	0	0	0	1	0
PDGFD	0	11p	0	-1	0	0	0	0	0	0	1	0	-1	0	0	0	-1	0	0	0	0	0	-1	-1	1	-1	0	0	0	0	0	-1	1	0	0	0	0	1	0	-1	-1	1	0	0	0	0	0	0	0	0	0	-1	-1	0	0	-1	0	0	0	0	0	0	0	0	-1	0
ATM	0	11p	0	-1	0	0	0	0	0	0	1	0	-1	0	0	0	-1	0	0	0	0	0	-1	-1	1	-1	0	0	0	0	0	-1	1	0	0	0	0	1	0	-1	-1	1	0	0	0	0	0	0	0	0	0	-1	-1	0	0	-1	0	0	0	0	0	0	0	0	0	0
SDHD	0	11p	0	-1	0	0	0	0	0	0	1	0	-1	0	0	0	-1	0	0	0	0	0	-1	-1	1	-1	0	0	0	0	0	-1	1	0	0	0	0	1	0	-1	-1	1	0	0	0	0	0	0	0	0	0	-1	-1	0	0	-1	0	0	0	0	0	0	0	-1	0	0
NCAM1	0	11p	0	-1	0	0	0	0	0	0	1	0	-1	0	0	0	-1	0	0	0	0	1	-1	-1	1	-1	0	0	0	0	0	-1	1	0	0	0	0	1	0	-1	-1	1	0	0	0	0	0	0	0	0	0	-1	-1	0	0	-1	0	0	0	0	0	0	0	-1	0	0
KMT2A	0	11p	0	-1	0	0	0	0	1	0	1	0	-1	0	0	0	-1	0	0	0	0	1	-1	-1	1	-1	1	0	0	0	0	-1	1	0	0	0	0	1	-1	-1	-1	1	0	0	0	0	0	0	0	0	0	-1	0	0	0	-1	0	0	0	0	0	0	0	2	2	0
CBL	0	11p	0	-1	0	0	0	0	1	0	1	0	-1	0	0	0	-1	0	0	0	0	1	-1	-1	1	-1	1	0	0	0	0	-1	1	0	0	0	0	1	-1	-1	-1	1	0	0	0	0	0	0	0	0	0	-1	0	0	0	-1	0	0	0	0	0	0	0	-1	2	0
CHEK1	0	11p	0	-1	0	0	0	0	1	0	1	0	-1	0	0	0	-1	0	0	0	0	1	0	-1	1	-1	1	0	0	0	0	-1	1	0	0	0	-1	1	-1	-1	-1	1	0	0	0	0	0	0	0	0	0	-1	0	0	0	-1	0	0	0	0	0	0	0	-1	0	0
KDM5A	0	12p	0	0	0	0	-1	-1	1	-1	1	0	0	-1	0	0	0	0	0	0	0	0	0	-1	2	-1	0	0	0	0	0	0	0	-1	1	-1	0	0	-1	0	0	0	0	0	0	1	0	0	0	0	0	1	2	0	0	0	0	0	0	0	0	1	0	1	0	0
CCND2	0	12p	0	0	0	0	-1	-1	1	-1	1	0	0	-1	0	0	0	0	0	0	0	0	0	-1	2	-1	0	0	0	0	0	0	0	-1	1	-1	0	0	-1	0	0	0	0	0	0	0	0	0	0	0	0	1	2	0	0	0	0	0	0	0	0	1	0	1	0	0
FGF23	0	12p	0	0	0	0	-1	-1	1	-1	1	0	0	-1	0	0	0	0	0	0	0	0	0	-1	2	-1	0	0	0	0	0	0	0	-1	1	-1	0	0	-1	0	0	0	0	0	0	0	0	0	0	0	0	1	2	0	0	0	0	0	0	0	0	1	0	1	0	0
FGF6	0	12p	0	0	0	0	-1	-1	1	-1	1	0	0	-1	0	0	0	0	0	0	0	0	0	-1	2	-1	0	0	0	0	0	0	0	-1	1	-1	0	0	-1	0	0	0	0	0	0	0	0	0	0	0	0	1	2	0	0	0	0	0	0	0	0	1	0	1	0	0
KCNA5	0	12p	0	0	0	0	-1	-1	1	-1	1	0	0	-1	0	0	0	0	0	0	0	0	0	-1	2	-1	0	0	0	0	0	0	0	-1	1	-1	0	0	-1	0	0	0	0	0	0	0	0	0	0	0	0	1	2	0	0	0	0	0	0	0	0	1	0	1	0	0
PRB3	0	12p	0	0	0	0	-1	-1	1	-1	1	0	0	-1	0	0	0	0	0	0	0	0	0	-1	2	-1	0	0	0	1	0	0	0	-1	1	-1	0	0	-1	0	0	0	0	0	-1	0	0	0	0	0	0	1	2	0	0	0	0	0	0	0	0	1	0	0	0	0
CDKN1B	0	12p	0	0	0	0	-1	-1	1	-1	1	0	0	-1	0	0	0	0	0	0	0	0	0	-1	1	-1	0	0	0	1	0	0	0	-1	1	-1	0	0	-1	0	0	0	0	0	-1	0	0	0	0	0	0	1	2	0	0	0	0	0	0	0	0	1	0	0	0	0
GRIN2B	0	12p	0	0	0	0	-1	-1	1	-1	1	0	0	-1	0	0	0	0	0	0	0	0	0	-1	1	-1	0	0	0	1	0	0	0	-1	1	-1	0	0	-1	0	0	0	0	0	-1	0	0	0	0	0	0	1	2	0	0	0	0	0	0	0	0	1	0	2	0	0
KRAS	0	12p	0	0	0	0	2	-1	1	2	1	0	0	2	0	0	0	0	0	0	0	0	0	2	1	0	0	0	0	1	0	0	0	2	2	-1	0	2	-1	0	1	2	0	0	-1	0	0	0	0	0	0	1	0	0	0	2	0	0	0	0	0	1	0	2	0	0
ARID2	0	12p	0	0	0	0	-1	-1	0	-1	1	0	0	-1	0	0	0	0	1	0	0	0	0	0	1	-1	0	0	0	0	0	0	0	0	1	-1	0	0	-1	0	0	0	0	0	-1	0	0	0	0	0	0	1	0	1	0	0	1	0	0	0	0	1	0	0	0	0
KMT2D	0	12p	0	0	0	0	-1	-1	0	-1	1	0	0	-1	0	0	0	0	1	0	0	0	0	0	1	-1	0	0	0	0	0	0	0	0	0	-1	0	0	-2	0	0	0	0	0	0	0	0	0	0	0	0	0	0	0	0	0	1	0	0	0	0	1	0	0	0	-1
ERBB3	0	12p	0	0	0	0	-1	-1	0	2	1	0	0	0	0	0	0	0	0	0	0	0	0	0	1	-1	0	0	0	0	0	0	1	1	1	0	0	0	-1	0	0	0	0	0	0	0	0	1	0	0	0	0	0	2	1	0	1	0	0	0	0	1	0	0	0	0
CDK4	0	12p	0	0	0	0	-1	-1	0	2	1	0	0	0	0	0	0	0	0	0	0	0	0	0	1	-1	0	0	0	0	0	0	2	1	1	0	0	0	-1	0	0	0	0	0	0	0	0	1	0	0	0	1	0	2	0	0	1	0	0	0	0	1	0	0	0	0
WIF1	0	12p	0	0	0	0	-1	0	0	2	1	0	0	0	0	0	0	0	0	0	0	0	0	0	1	-1	0	0	0	0	0	0	0	0	1	0	0	0	-1	0	0	0	0	0	0	0	0	1	0	0	0	1	0	2	0	0	0	0	0	0	0	1	0	0	0	0
HMGA2	0	12p	0	0	0	0	-1	0	0	2	1	0	0	0	0	0	0	0	0	0	0	0	0	0	1	-1	0	0	0	0	0	0	0	0	1	0	0	0	-1	0	0	0	0	0	0	0	0	2	0	0	0	1	0	2	0	0	0	0	0	0	0	1	0	0	0	0
MDM2	0	12p	0	0	0	0	-1	-1	0	2	1	0	0	0	0	0	0	2	1	0	0	0	0	0	1	-1	0	0	0	0	0	0	0	0	1	0	0	0	-1	0	0	0	0	0	0	0	0	2	0	0	0	1	0	2	0	0	0	0	0	0	0	1	0	0	0	0
SOCS2	0	12p	0	0	0	0	-1	-1	0	-1	1	0	0	0	0	0	0	0	0	0	0	0	0	0	1	-1	0	0	0	0	0	0	0	0	1	0	0	0	-1	0	0	0	0	0	0	0	0	0	0	0	0	0	0	0	0	0	0	0	0	0	0	1	0	0	0	0
PTPN11	0	12p	0	0	0	0	-1	-1	0	-1	1	0	0	0	0	0	0	0	0	0	0	0	0	0	1	-1	0	0	0	0	0	0	0	0	1	0	0	0	-1	0	0	0	0	0	0	0	0	0	0	0	0	0	0	0	0	0	0	0	0	0	0	1	0	2	0	0
TESC	0	12p	0	0	0	0	-1	-1	0	-1	1	0	0	0	0	0	0	0	0	0	0	0	0	0	1	-1	0	0	0	0	0	0	0	0	1	0	0	0	-1	0	0	0	0	0	0	0	0	0	0	0	0	0	0	0	0	0	0	0	0	0	0	1	0	2	0	0
HNF1A	0	12p	0	0	0	0	-1	-1	0	-1	1	0	0	0	0	0	0	1	0	0	0	0	0	0	1	-1	0	0	0	0	0	0	0	0	1	0	-1	0	-1	0	0	0	0	0	0	0	0	0	0	0	0	0	0	0	0	0	0	0	0	0	0	1	0	2	0	0
CDK2AP1	0	12p	0	0	0	0	-1	-1	0	-1	1	0	-1	1	0	0	0	0	0	0	0	0	0	0	1	-1	0	0	0	0	0	0	0	0	1	0	-1	0	-1	0	0	0	0	0	0	0	0	0	0	0	0	0	0	0	0	0	0	0	0	0	0	1	0	0	0	0
MMP17	0	12p	0	0	0	0	-1	-1	0	-1	1	0	-1	1	0	0	0	0	0	0	0	0	0	0	1	-1	0	0	0	0	0	0	0	0	0	0	0	0	-1	0	0	0	0	0	0	0	0	0	0	0	0	0	0	0	0	0	0	0	-1	0	0	1	0	0	0	0
LATS2	0	13p	0	-1	0	0	0	0	2	0	1	0	0	0	0	2	0	0	1	0	0	0	0	0	2	0	0	0	0	-1	0	-1	0	0	0	-1	-1	1	-1	-1	1	1	0	0	0	0	0	0	0	0	0	0	0	1	0	-1	1	1	0	0	-1	1	0	1	0	0
CDK8	0	13p	0	-1	0	0	0	0	2	0	1	0	0	0	0	2	0	0	1	0	0	0	0	0	2	0	0	0	0	-1	0	-1	0	0	0	-1	-1	1	-1	-1	1	1	0	0	0	0	0	0	0	0	0	0	0	1	0	-1	1	1	0	0	-1	1	0	1	0	0
FLT3	0	13p	0	-1	0	0	0	0	2	0	1	0	0	0	0	2	0	0	1	0	0	0	0	0	2	0	0	0	0	-1	0	-1	0	0	0	-1	-1	1	-1	-1	1	1	0	0	0	0	0	0	0	0	0	0	0	1	0	-1	1	1	0	0	-1	1	0	1	0	0
FLT1	0	13p	2	-1	0	0	0	0	2	0	1	0	0	0	0	2	0	0	1	0	0	0	0	0	2	0	0	0	0	-1	0	-1	0	0	0	-1	-1	1	-1	-1	1	1	0	0	0	0	0	0	0	0	0	0	0	1	0	-1	1	1	0	0	-1	1	0	1	0	0
HMGB1	0	13p	2	-1	0	0	0	0	2	0	1	0	0	0	0	2	0	0	1	0	0	0	0	0	2	0	0	0	0	1	0	-1	0	0	0	-1	-1	1	-1	-1	1	1	0	0	0	0	0	0	0	0	0	0	0	1	0	-1	1	1	0	0	-1	1	0	2	0	0
BRCA2	0	13p	2	-1	0	0	0	0	2	0	1	0	0	0	0	2	0	0	1	0	0	0	0	0	2	0	0	1	0	1	0	-1	0	0	0	-1	-1	1	-1	0	1	1	0	0	0	0	0	0	0	0	0	0	0	1	0	-1	1	1	0	0	-1	1	0	2	0	0
RB1	0	13p	0	-1	0	0	0	0	0	0	1	0	-1	0	0	1	0	1	1	0	0	0	-1	0	2	0	0	0	0	-1	0	-1	0	0	0	-1	-1	0	-1	-1	0	1	-1	0	0	0	0	0	0	0	0	0	0	1	0	-1	1	1	0	0	0	1	0	2	0	0
FGF14	0	13p	0	-1	0	0	0	-1	0	0	1	0	-1	0	0	1	0	1	0	0	0	0	-1	0	2	0	0	0	0	1	0	-1	0	0	0	-1	-1	0	-1	-1	0	1	-1	0	0	0	0	0	0	0	0	0	0	1	0	0	1	1	0	0	0	1	0	0	0	0
IRS2	0	13p	0	-1	0	0	0	-1	0	0	1	0	-1	0	0	1	0	2	0	0	0	0	-1	0	2	0	0	0	0	1	0	-1	0	0	0	-1	-1	0	-1	-1	0	1	-1	0	0	0	0	0	0	0	0	0	0	1	0	0	1	1	0	0	0	1	0	0	0	0
BCL2L2	0	14p	0	0	0	0	0	-1	0	0	1	-1	-1	0	0	1	0	0	0	0	0	0	-1	0	0	0	0	0	0	0	0	-1	0	0	0	-1	0	1	-1	-1	0	1	0	0	-1	0	0	0	0	0	0	0	-1	1	-1	-1	1	0	0	0	0	0	0	0	0	0
NFKBIA	0	14p	0	0	0	0	0	0	0	0	1	-1	0	0	0	1	0	0	0	0	0	0	-1	0	0	0	0	-1	0	0	0	-1	0	0	0	-1	0	1	-1	-1	0	1	0	0	-1	0	0	0	0	0	0	0	-1	1	-1	-1	1	0	0	0	0	0	0	0	0	0
NKX2-1	0	14p	0	0	0	0	0	0	0	0	1	-1	0	0	0	1	0	0	0	0	0	0	-1	0	0	0	0	-1	0	1	0	-1	0	0	0	-1	0	1	-1	-1	0	1	0	0	-1	0	-1	0	0	0	0	0	-1	1	-1	-1	1	0	0	0	0	0	0	0	0	0
FOXA1	0	14p	0	0	0	0	0	0	0	0	1	-1	0	0	0	1	0	0	0	0	0	0	-1	0	0	0	0	-1	0	1	0	-1	0	0	0	-1	0	1	-1	-1	0	1	0	0	-1	0	-1	0	0	0	0	0	-1	1	-1	-1	1	0	0	0	0	0	0	0	0	0
FANCM	0	14p	0	0	0	0	0	0	0	0	1	-1	0	0	0	1	0	0	0	0	0	0	-1	0	0	0	0	-1	0	1	0	-1	-1	0	0	-1	0	1	-1	-1	0	1	0	0	-1	0	-1	0	0	0	0	0	-1	0	-1	-1	1	0	0	0	0	0	0	0	1	0
BMP4	0	14p	0	0	0	0	0	-1	0	0	1	-1	0	0	0	1	0	0	0	0	0	0	-1	0	0	0	0	-1	0	1	0	-1	0	0	0	-1	0	1	-1	-1	0	1	0	0	-1	0	-1	0	0	0	1	0	-1	0	-1	-1	1	0	0	0	0	0	0	0	0	0
LGALS3	0	14p	0	0	0	0	0	-1	0	0	1	-1	0	0	0	1	0	0	0	0	0	-1	-1	0	0	0	0	-1	0	1	0	-1	0	0	0	-1	0	1	-1	-1	0	1	0	0	-1	0	-1	0	0	0	1	0	-1	0	-1	-1	1	0	0	0	0	0	0	0	0	0
OTX2	0	14p	0	0	0	0	0	-1	0	0	1	-1	0	0	0	1	0	0	0	0	0	-1	-1	0	0	0	0	-1	0	0	0	-1	0	0	0	-1	0	1	-1	-1	0	1	0	0	-1	0	-1	0	0	0	1	0	-1	0	-1	-1	1	0	0	0	0	0	0	0	0	0
SIX6	0	14p	0	0	0	0	0	-1	0	0	1	-1	-1	0	0	1	0	0	0	0	0	-1	-1	0	0	0	0	-1	0	0	0	-1	0	0	0	-1	0	1	-1	-1	0	1	0	0	-1	0	-1	0	0	0	1	0	-1	0	-1	-1	0	0	0	0	0	0	0	0	0	0
HIF1A	0	14p	0	0	0	0	0	-1	0	0	1	-1	-1	0	0	1	0	0	0	0	0	-1	-1	0	0	0	0	-1	0	0	0	-1	0	0	0	-1	0	1	-1	-1	0	1	0	0	-1	0	-1	0	0	0	1	0	-1	0	-1	-1	0	0	0	0	0	0	0	0	0	0
ESR2	0	14p	0	0	0	0	0	-1	0	0	1	-1	-1	0	0	1	0	0	0	0	0	-1	-1	0	0	0	0	-1	0	0	0	-1	0	0	0	-1	0	1	-1	-1	0	1	0	0	-1	0	-1	0	0	0	1	0	-1	0	-1	-1	0	0	0	0	0	0	0	0	0	0
MAX	0	14p	0	0	0	0	0	-1	0	0	1	-1	0	0	0	1	0	0	0	0	0	-1	-1	0	0	0	0	-1	0	0	0	-1	0	0	0	-1	0	1	-1	-1	0	1	0	0	-1	0	-1	0	0	0	1	0	-1	0	-1	-1	0	0	0	0	0	0	0	0	0	0
TSHR	0	14p	0	0	0	0	-1	-1	0	0	1	-1	0	0	0	1	0	0	0	0	0	0	-1	0	0	0	0	-1	0	1	0	-1	0	0	0	-1	0	1	-1	-1	0	1	0	0	-1	0	-1	0	0	0	-1	0	-1	0	-1	-1	0	0	0	0	0	0	0	0	1	0
DICER1	0	14p	0	0	0	0	-1	-1	0	0	1	-1	0	0	0	1	0	1	0	0	0	0	-1	0	0	0	0	0	0	0	0	-1	0	0	0	-1	0	1	-1	-1	0	1	0	0	-1	0	-1	0	0	0	0	0	-1	0	-1	-1	0	0	0	0	0	0	0	0	1	0
HSP90AA1	0	14p	0	0	0	0	-1	-1	0	0	1	-1	0	0	0	1	0	1	0	0	0	0	-1	0	0	0	0	0	0	0	0	-1	0	0	0	-1	0	1	-1	-1	0	1	0	0	-1	0	-1	0	0	0	0	0	-1	0	-1	-1	0	0	0	0	0	0	0	0	1	0
AKT1	0	14p	0	0	0	0	-1	-1	0	0	1	-1	0	0	0	1	0	1	0	0	0	0	-1	0	0	0	0	0	0	0	0	-1	0	0	0	0	0	1	-1	-1	0	1	0	0	-1	0	-1	0	0	0	0	0	-1	0	-1	-1	0	0	0	0	0	0	0	0	1	0
GREM1	0	15p	0	-1	0	0	-1	-1	0	-1	0	0	-1	0	0	0	-1	0	0	-1	0	0	0	0	1	-1	0	0	0	-1	0	-1	0	0	0	-1	-1	0	-1	0	0	0	0	0	0	0	-1	0	0	0	0	0	0	0	0	0	0	1	0	0	0	1	0	0	0	0
RAD51	0	15p	0	-1	0	0	-1	-1	0	-1	0	0	-1	0	0	0	-1	0	0	-1	0	0	0	0	1	-1	0	0	-1	-1	0	-1	0	0	0	-1	-1	0	-1	0	0	0	0	0	0	0	-1	0	0	0	-1	0	0	0	0	-1	0	1	0	0	0	1	0	0	0	0
USP8	0	15p	0	-1	0	0	-1	-1	0	-1	0	0	-1	0	0	0	-1	0	0	0	0	0	0	0	1	-1	0	0	-1	-1	0	-1	0	0	1	-1	-1	0	-1	0	0	0	0	0	0	-1	-1	0	0	0	-1	0	0	0	0	-1	0	1	0	0	0	1	0	1	0	0
CYP19A1	0	15p	0	-1	0	0	-1	-1	0	-1	0	0	-1	0	0	0	-1	0	0	0	0	0	0	0	1	-1	0	0	-1	-1	0	-1	0	0	1	-1	-1	0	-1	0	0	0	0	0	0	-1	-1	0	0	0	-1	0	0	0	0	-1	1	1	0	0	0	1	0	1	0	0
MYO5A	0	15p	0	-1	0	0	-1	-1	0	-1	0	0	-1	0	0	0	-1	0	0	0	0	0	0	0	1	-1	0	0	-1	-1	0	-1	0	0	1	-1	-1	0	-1	0	0	0	0	0	0	-1	0	0	0	0	-1	0	0	0	0	-1	1	1	0	0	0	1	0	1	0	0
MAP2K1	0	15p	0	-1	0	0	-1	-1	0	-1	0	0	-1	0	0	0	0	0	0	0	0	0	0	0	1	-1	0	0	-1	0	0	-1	0	0	1	0	-1	0	-1	0	0	0	0	0	0	0	0	0	0	0	0	0	0	0	0	-1	0	1	0	0	0	1	0	0	0	0
LOXL1	0	15p	0	-1	0	0	-1	-1	0	-1	0	0	0	0	0	0	0	0	0	0	0	2	0	-1	1	-1	0	0	-1	0	0	-1	0	0	1	0	-1	0	-1	0	0	-1	0	0	0	0	0	0	0	0	0	-1	0	0	0	-1	0	1	0	0	0	1	0	0	0	0
ADAMTS7	0	15p	0	-1	0	0	-1	-1	0	-1	0	0	0	0	0	0	0	0	0	0	0	2	0	-1	1	0	0	0	-1	0	0	-1	0	0	1	0	-1	0	-1	0	0	0	0	0	0	0	0	0	0	0	0	-1	0	0	0	-1	0	1	0	0	0	1	0	0	0	0
NTRK3	0	15p	0	-1	0	0	-1	-1	0	0	0	0	0	0	0	0	0	0	0	0	0	0	0	0	1	0	0	0	1	0	0	-1	0	0	1	0	-1	0	-1	0	2	0	0	0	0	0	0	0	0	0	0	0	0	0	0	-1	1	1	0	0	0	1	0	0	0	0
IDH2	0	15p	0	-1	0	0	-1	-1	0	0	0	0	0	0	0	0	0	0	0	0	0	0	0	0	1	0	0	0	1	0	0	-1	0	0	1	0	-1	0	-1	0	2	0	0	0	0	0	0	0	0	0	0	0	0	2	0	0	1	1	0	0	0	1	0	2	0	0
BLM	0	15p	0	-1	0	0	-1	-1	0	0	0	0	0	0	0	0	0	0	0	0	0	0	0	0	1	0	0	0	1	0	0	-1	0	0	1	0	-1	0	-1	0	2	0	0	0	0	0	0	0	0	0	0	0	0	2	0	2	1	1	0	0	0	1	0	2	0	0
IGF1R	0	15p	0	-1	0	0	-1	-1	0	0	0	0	0	0	0	0	0	0	0	0	0	1	0	0	1	-1	1	0	-1	0	0	-1	0	0	1	0	-1	0	-1	0	2	0	0	0	0	0	0	0	0	0	0	0	0	2	0	-1	1	1	0	0	0	1	0	2	0	0
CACNA1H	0	16p	-1	0	0	0	0	0	-1	0	0	0	-1	0	0	0	0	1	0	0	0	0	0	0	0	-1	0	-1	0	0	0	0	0	0	0	0	0	0	0	1	0	0	0	0	0	0	0	0	0	0	0	-1	0	1	0	0	-1	0	-1	0	-1	1	0	0	0	0
TSC2	0	16p	-1	0	0	0	0	0	-1	0	0	0	-1	0	0	0	0	1	0	0	0	-1	0	0	0	-1	0	-2	0	0	0	0	0	0	0	0	0	0	0	0	-1	0	0	0	0	0	0	0	0	0	0	-1	0	1	0	0	-1	0	-1	0	-1	1	0	0	0	0
CREBBP	0	16p	-1	0	0	0	0	0	0	0	0	0	-1	0	0	0	0	1	0	0	0	-1	0	0	0	-1	0	-1	0	0	0	0	0	0	0	0	0	0	0	0	0	0	0	0	0	0	0	-2	0	0	0	-1	0	1	0	0	-1	0	-1	0	-1	1	0	0	0	0
GRIN2A	0	16p	0	0	0	0	-1	0	0	0	0	0	-1	0	0	0	0	1	0	0	0	-1	0	0	0	-1	0	-1	0	0	0	0	0	0	0	0	0	0	0	0	0	0	0	0	0	0	0	0	0	0	0	-1	0	1	0	0	0	0	-1	0	0	1	0	0	0	0
SOCS1	0	16p	0	0	0	0	-1	0	0	0	0	0	-1	0	0	0	0	1	0	0	0	-1	0	0	0	-1	0	-1	0	0	0	0	0	0	0	0	0	0	0	0	0	0	0	0	0	0	0	0	0	0	0	-1	0	0	0	0	0	0	-1	0	0	1	0	0	0	0
PALB2	0	16p	0	0	0	0	-1	0	0	0	0	0	-1	0	0	0	0	0	0	0	0	-1	0	0	0	-1	0	-1	0	0	0	0	0	0	1	0	0	0	0	0	0	0	0	0	0	0	0	2	0	0	0	1	0	1	0	0	0	0	0	0	0	1	0	0	0	0
ARMC5	0	16p	0	0	0	0	-1	0	0	0	0	0	0	0	0	0	0	1	0	0	0	1	0	0	0	-1	0	-1	0	0	0	0	0	0	2	-1	0	0	0	0	0	0	0	0	0	0	0	0	0	0	0	-1	0	1	0	0	2	0	0	0	0	0	0	0	0	0
MMP2	0	16p	0	0	0	0	0	0	0	0	0	0	0	0	0	0	0	1	0	0	0	0	0	-1	0	-1	0	0	1	0	0	0	-1	0	0	-1	0	0	0	-1	-1	0	0	0	0	0	0	0	0	0	-1	0	-1	1	0	-1	0	0	0	0	0	0	0	0	0	0
NUP93	0	16p	0	0	0	0	0	0	0	0	0	0	0	0	0	0	0	1	0	0	0	0	0	-1	0	-1	0	0	1	0	0	0	-1	0	0	-1	0	0	0	-1	-1	0	0	0	0	0	0	0	0	0	-1	0	-1	1	0	-1	0	0	0	0	0	0	0	0	0	0
NDRG4	0	16p	0	0	0	0	0	0	0	0	0	0	0	0	0	0	0	1	0	0	0	0	0	-1	0	-1	0	0	1	0	0	0	-1	0	0	-1	0	0	0	-1	-1	0	0	0	0	0	0	0	0	0	0	0	-1	1	0	-1	0	0	0	0	0	0	0	0	0	0
CBFB	0	16p	0	0	0	0	0	0	0	0	0	-1	0	0	0	0	0	1	0	0	0	0	0	-1	0	-1	0	0	1	0	0	0	-1	0	0	-1	0	0	0	-1	0	0	0	0	0	0	0	0	0	0	0	0	-1	1	0	-1	0	0	0	0	0	0	0	0	0	0
CTCF	0	16p	0	0	0	0	0	0	0	0	0	-1	0	0	0	0	0	1	0	0	0	0	0	-1	0	-1	0	0	1	0	0	0	-1	0	0	-1	0	0	0	-1	0	0	0	0	0	1	0	0	0	0	0	0	-1	1	0	-1	0	0	0	0	0	0	0	0	0	0
CDH1	0	16p	0	0	0	0	0	0	0	0	0	-1	0	0	0	0	0	1	0	0	0	-2	0	-1	0	-1	0	0	1	0	0	0	0	0	0	-1	0	0	0	-1	0	0	0	0	0	0	0	0	0	0	0	0	-1	1	0	-1	0	0	0	0	0	0	0	0	0	0
ZFHX3	0	16p	-1	0	0	0	0	0	0	0	0	0	0	0	0	0	0	1	0	0	0	1	0	-1	0	-1	0	0	1	0	0	0	0	0	0	-1	0	0	0	-1	0	0	0	0	0	0	0	0	0	1	1	0	-1	1	0	0	0	1	0	0	0	0	0	0	0	-1
DNAAF1	0	16p	0	0	0	0	0	0	0	0	0	0	-1	0	0	0	0	1	0	0	0	0	0	-1	0	-1	0	0	1	0	0	0	0	0	1	-1	0	0	0	-1	0	0	0	0	0	0	0	1	0	0	1	0	-1	1	-1	-1	0	1	0	0	0	0	0	0	0	0
MAP1LC3B	0	16p	0	0	0	0	0	0	-1	0	0	0	-1	0	0	0	0	1	0	0	0	0	0	-1	0	-1	0	0	1	0	0	0	0	0	1	-1	0	0	0	-1	0	0	0	0	0	0	0	1	0	0	-1	0	-1	1	-1	-1	-1	1	0	0	0	0	0	0	0	0
FANCA	0	16p	0	0	0	0	0	0	-1	0	0	0	-1	0	0	0	0	1	0	0	0	0	0	-1	0	-1	0	0	1	0	0	0	0	0	1	-1	0	0	0	-1	0	0	0	0	0	0	0	1	0	0	-1	0	-1	1	-1	-1	-1	1	0	0	0	0	0	0	0	0
RPA1	0	17p	0	-1	0	0	-1	-1	0	0	0	-1	-1	-1	0	0	-1	0	0	0	0	-1	-1	-1	0	0	0	0	-1	0	-1	-1	0	0	0	-1	0	0	-1	-1	0	0	-1	0	-1	0	0	0	0	0	0	1	1	1	-1	0	-1	0	0	0	0	0	0	2	0	0
TP53	0	17p	0	-1	0	0	-1	-1	0	0	0	-1	-1	-1	0	0	-1	0	0	0	0	-2	-1	-1	0	0	0	0	-1	0	-1	-1	0	0	-2	-1	0	0	-1	-1	0	0	-1	0	-1	0	0	0	0	0	0	1	1	1	-1	0	-1	0	0	0	0	0	0	0	0	0
AURKB	0	17p	0	-1	0	0	-1	-1	0	0	0	-1	-1	-1	0	0	-1	0	0	0	0	-2	-1	-1	0	0	0	0	-1	0	-1	-1	0	0	0	-1	0	0	-1	-1	0	0	-1	0	-1	0	0	0	0	0	0	1	1	1	-1	0	-1	0	0	0	0	0	0	0	0	0
MAP2K4	0	17p	0	-1	0	0	-1	-1	0	0	0	-1	-1	-1	0	0	-1	0	-1	0	0	-1	-1	-1	0	0	0	0	-1	0	-1	-1	0	0	0	-1	0	0	-1	-1	0	0	-1	0	-1	0	0	0	0	0	0	1	1	1	-1	0	0	0	0	0	0	0	0	-1	0	0
ATPAF2	0	17p	0	-1	0	0	-1	-1	0	0	0	-1	-1	-1	0	0	-1	0	-1	0	0	-1	-1	-1	0	0	0	0	-1	0	-1	-1	0	0	1	-1	0	0	-1	-1	0	0	-1	0	-1	0	0	0	0	0	0	1	1	1	-1	0	0	0	0	0	0	0	0	0	1	0
GID4	0	17p	0	-1	0	0	-1	-1	0	0	0	-1	-1	-1	0	0	-1	0	-1	0	0	-1	-1	-1	0	0	0	0	-1	0	-1	-1	0	0	1	-1	0	0	-1	-1	0	0	-1	0	-1	0	0	0	0	0	0	1	1	1	-1	0	-1	0	0	0	0	0	0	0	1	0
PROCA1	0	17p	0	0	0	0	0	1	0	0	0	0	0	0	0	0	-1	0	0	0	0	-1	0	0	0	0	1	0	0	0	0	0	0	0	0	0	0	1	0	0	0	1	0	0	0	0	0	0	0	1	0	0	1	1	-1	0	0	0	0	0	0	1	0	0	1	0
NF1	0	17p	1	0	0	0	0	1	1	0	0	0	0	0	0	0	-1	0	0	0	0	-1	0	0	0	0	1	0	0	0	0	0	0	0	0	0	0	1	0	0	0	1	-1	0	0	-1	0	0	0	0	0	0	1	1	-1	0	0	0	0	0	0	1	0	0	1	0
RAD51D	0	17p	1	0	0	0	0	0	0	0	0	-1	-1	0	0	0	-1	0	0	0	0	-1	0	0	0	0	0	0	0	0	0	0	0	0	0	0	0	1	0	-1	0	1	0	0	0	0	0	0	0	0	0	0	1	1	-1	0	0	0	0	0	0	1	0	0	1	0
CDK12	0	17p	1	0	0	-1	0	0	0	0	0	-1	-1	0	1	0	-1	0	0	0	0	-1	0	0	0	0	0	2	0	0	0	0	2	0	2	0	0	1	0	-1	0	1	1	0	0	0	0	0	0	0	0	0	1	1	-1	0	0	0	0	0	0	2	0	0	1	0
ERBB2	0	17p	1	0	0	-1	0	2	0	0	0	-1	-1	0	2	0	2	0	0	0	0	-1	0	0	0	0	0	2	0	0	0	0	2	0	2	0	0	1	0	-1	0	1	1	0	0	0	0	0	0	0	0	2	1	2	-1	0	0	0	0	0	0	2	0	0	1	0
RARA	0	17p	1	0	0	-1	0	0	1	0	0	-1	-1	0	2	0	0	0	0	0	0	-1	0	0	0	0	0	0	0	0	0	0	2	0	2	0	0	1	0	-1	0	1	1	0	0	0	0	0	0	0	0	1	1	2	-1	0	0	0	0	0	0	2	0	0	1	0
TOP2A	0	17p	1	0	0	-1	0	0	1	0	0	-1	-1	0	2	0	0	0	0	0	0	-1	0	0	0	0	1	0	0	0	0	0	1	0	2	0	0	1	0	-1	0	1	1	0	0	0	0	0	0	0	0	1	1	2	-1	0	0	0	0	0	0	2	0	0	1	0
STAT3	0	17p	2	0	0	-1	0	0	0	0	0	-1	-1	0	0	0	0	0	0	0	0	-1	0	0	0	0	1	0	0	0	0	0	0	0	0	0	0	1	0	-1	0	1	0	0	0	0	0	0	0	0	0	0	0	1	-1	0	0	0	0	0	0	0	0	0	1	0
ATP6V0A1	0	17p	1	0	0	-1	0	0	0	0	0	-1	-1	0	0	0	0	0	0	0	0	-1	0	0	0	0	1	0	0	0	0	0	0	0	0	0	0	1	0	-1	0	1	0	0	0	0	0	0	0	0	0	0	0	1	-1	0	0	0	0	0	0	0	0	0	1	0
CCR10	0	17p	1	0	0	-1	0	0	0	0	0	-1	-1	0	0	0	0	0	0	0	0	-1	0	0	0	0	1	0	0	0	0	0	0	0	0	0	0	1	0	-1	0	1	0	0	0	0	0	0	0	0	0	0	0	1	-1	0	0	0	0	0	0	0	0	0	1	0
BRCA1	0	17p	1	0	0	-1	0	0	0	0	0	-1	2	0	0	0	0	0	0	0	0	-1	0	0	0	0	1	0	0	0	0	0	0	0	0	0	0	1	0	-1	0	1	0	0	0	0	0	0	0	0	0	0	0	1	0	0	0	0	0	0	0	0	0	0	1	0
NFE2L1	0	17p	0	0	0	0	0	0	0	0	0	-1	0	0	0	0	0	0	0	0	0	-1	0	0	0	0	1	0	0	0	0	0	0	0	2	0	0	1	0	0	0	1	0	0	0	0	0	0	0	0	0	0	0	2	-1	0	0	0	0	0	0	0	0	0	1	0
HOXB13	0	17p	0	0	0	0	0	0	0	0	0	-1	0	0	0	0	0	0	0	0	0	-1	0	0	0	0	1	0	0	0	0	0	0	0	0	0	0	1	0	0	0	1	0	0	0	0	0	0	0	0	0	0	0	1	-1	0	0	0	0	0	0	0	0	0	1	0
SPOP	0	17p	0	0	0	0	0	0	2	0	0	-1	0	0	0	0	0	0	0	0	0	-1	0	0	0	0	1	0	0	0	0	0	0	0	2	0	0	1	0	0	0	1	1	0	0	0	0	0	0	0	0	0	0	1	-1	0	1	0	0	0	0	0	0	0	1	0
NME2	0	17p	0	0	0	0	0	0	0	0	0	-1	0	0	0	0	0	0	1	0	0	-1	0	0	0	0	1	0	0	0	0	0	0	0	2	0	0	1	0	0	0	1	-1	0	0	0	0	0	0	0	0	0	0	1	-1	0	1	0	0	0	0	0	0	0	1	0
RNF43	0	17p	0	0	0	0	0	0	0	0	0	-1	0	0	0	0	0	0	0	0	0	-1	0	0	0	0	1	0	0	0	0	0	0	0	0	0	0	1	0	0	0	1	-1	0	0	0	0	0	0	0	0	0	0	1	-1	0	1	0	0	0	0	0	0	0	1	0
RAD51C	0	17p	0	0	0	0	0	0	0	0	0	-1	0	0	0	0	0	0	0	0	0	-1	0	0	0	0	1	0	0	0	0	0	0	0	0	0	0	1	0	0	0	1	-1	0	0	0	0	0	0	0	0	0	0	1	-1	0	1	0	0	0	0	0	0	0	1	0
BRIP1	0	17p	0	0	0	1	0	0	0	0	0	-1	0	0	0	0	0	0	0	0	0	-1	0	0	0	0	1	0	0	1	0	0	1	0	2	0	0	1	0	0	0	1	-1	0	0	0	0	0	0	0	0	0	0	1	-1	0	1	0	0	0	0	0	0	0	1	0
CD79B	0	17p	0	0	0	0	0	0	0	0	0	-1	2	0	0	0	0	0	1	0	0	-2	0	0	0	0	1	0	0	1	0	0	1	0	0	0	0	1	0	0	0	1	0	0	0	0	0	0	0	0	0	0	0	1	-1	0	1	0	0	0	0	0	0	0	1	0
GNA13	0	17p	0	0	0	0	0	0	0	0	0	-1	2	0	0	0	0	0	1	0	0	-2	0	0	0	0	1	0	0	1	0	0	0	0	0	-1	0	1	0	0	0	1	0	0	0	0	0	0	0	0	0	0	0	1	-1	0	1	0	0	0	0	0	0	0	1	0
PRKAR1A	0	17p	0	0	0	0	0	0	0	0	0	0	0	0	0	0	0	0	1	0	0	0	0	0	0	0	1	0	0	1	0	0	1	0	0	0	0	1	0	0	0	1	0	0	0	0	0	0	0	0	0	0	0	1	-1	0	1	0	0	0	0	0	0	0	1	0
SOX9	0	17p	0	0	0	0	0	0	0	0	0	0	0	0	0	0	0	0	1	0	0	0	0	0	0	0	1	0	0	1	0	0	0	0	0	0	0	1	0	0	0	1	0	0	0	0	0	0	0	0	0	0	0	1	-1	0	1	0	-1	0	0	0	0	0	1	0
CDK3	0	17p	0	0	0	0	0	0	0	0	0	0	0	0	0	0	0	0	0	0	0	0	0	0	0	0	1	0	0	1	0	0	0	0	0	0	0	1	0	0	0	1	0	0	0	0	0	0	0	0	0	0	0	1	-1	0	1	0	-1	0	0	0	0	0	1	0
RPTOR	0	17p	0	0	0	0	0	0	0	0	0	0	0	0	0	0	0	0	0	0	0	0	0	0	0	0	0	0	0	1	0	0	1	0	0	0	-1	1	0	0	0	1	-1	0	0	0	0	0	0	0	0	0	0	1	-1	0	1	0	-1	0	0	0	0	0	1	0
PYCR1	0	17p	0	0	0	0	0	0	0	0	0	0	0	0	0	0	0	0	0	0	0	0	0	0	0	0	0	0	0	1	0	0	1	0	0	0	-1	1	0	0	0	1	-1	0	0	0	0	0	0	0	0	0	0	1	-1	0	1	0	-1	0	0	0	0	0	0	0
SMAD2	0	18p	0	-1	0	0	-1	-1	-1	1	1	0	0	0	0	-1	-1	0	0	0	0	0	-1	-1	0	-1	-1	0	-1	0	-1	-1	0	0	0	-1	-1	0	-1	-1	-1	0	-1	0	-1	0	-1	-1	0	0	-1	0	1	0	0	0	-1	0	-1	0	-1	0	0	-1	0	0
SMAD4	0	18p	0	-1	0	0	-1	-1	-1	-1	1	0	-1	-2	0	-1	-1	0	0	0	0	0	-1	-1	0	-1	-1	0	-1	0	-2	-1	0	0	0	-1	-1	0	-1	-1	-1	0	-1	0	-1	0	-1	-1	0	0	-1	-1	1	0	0	0	-1	0	-1	0	-1	0	0	-1	0	0
BCL2	0	18p	0	-1	0	0	-1	-1	-1	-1	1	0	-1	-1	0	-1	-1	0	0	0	0	0	-1	0	0	-1	-1	0	-1	0	-1	-1	0	0	0	-1	-1	0	-1	-1	-1	1	-1	0	-1	0	-1	-1	0	0	-1	-1	1	0	0	0	-1	0	-1	0	-1	0	0	-1	0	0
STK11	0	19p	0	-1	0	-1	0	-1	0	0	0	-1	-1	0	0	0	-1	0	0	0	0	-1	0	-1	0	0	0	0	-1	0	0	-1	0	-1	0	-1	0	1	-1	-1	0	0	0	0	-1	0	-1	-1	0	0	0	0	0	1	-1	-1	1	0	-1	0	0	0	0	0	0	0
DOT1L	0	19p	0	-1	0	-1	0	-1	0	0	0	-1	-1	0	0	0	-1	0	0	0	0	-1	0	-1	0	0	0	0	-1	0	0	-1	0	-1	0	-1	0	1	-1	-1	0	0	0	0	-1	0	-1	-1	0	0	0	0	0	0	0	-1	1	0	-1	0	0	0	0	0	0	0
GADD45B	0	19p	0	-1	0	-1	0	-1	0	0	0	-1	-1	0	0	0	-1	0	0	0	0	-1	0	-1	0	0	0	0	-1	0	0	-1	0	-1	0	-1	0	1	-1	-1	0	0	0	0	-1	0	-1	-1	0	0	0	0	0	0	0	-1	1	0	-1	0	0	0	0	0	0	0
GNA11	0	19p	0	-1	0	-1	0	-1	0	0	0	-1	-1	0	0	0	-1	0	0	0	0	-1	0	-1	0	0	0	0	-1	0	0	-1	0	-1	0	-1	0	1	-1	-1	0	0	0	0	-1	0	-1	-1	0	0	0	0	0	0	0	-1	1	0	-1	0	0	0	0	0	0	0
MAP2K2	0	19p	0	-1	0	-1	0	-1	0	0	0	-1	-1	0	0	0	-1	0	0	0	0	-1	0	-1	0	0	0	0	-1	0	0	-1	0	-1	0	-1	-1	1	-1	-1	0	0	0	0	-1	0	-1	-1	0	0	0	0	0	0	0	-1	1	0	-1	0	0	0	0	0	0	0
KEAP1	0	19p	0	-1	0	0	0	-1	0	0	0	-1	-1	0	0	0	-1	0	0	0	0	-1	0	-1	1	0	0	0	-1	0	0	-1	-1	-1	0	-2	0	1	-1	-1	0	0	0	0	-1	0	-1	-1	0	0	0	0	1	0	0	-1	1	0	0	0	0	0	0	0	0	0
SMARCA4	0	19p	0	-1	0	0	0	-1	0	0	0	-1	-1	0	0	0	-1	0	0	0	0	-1	-2	-1	1	0	0	0	-1	0	0	-1	0	-1	0	-1	0	1	-1	-1	0	0	0	0	-1	0	-1	-1	0	0	0	0	1	1	0	-1	1	0	0	0	0	0	0	0	0	0
PRDX2	0	19p	0	-1	0	0	0	-1	0	0	0	-1	-1	0	0	0	-1	0	0	0	0	-1	0	-1	1	0	0	0	-1	0	0	-1	0	-1	0	-1	-1	1	-1	-1	0	0	0	0	-1	0	-1	-1	0	0	0	0	1	0	-1	-1	0	0	0	0	0	0	0	0	0	0
NOTCH3	0	19p	0	-1	0	0	0	-1	0	0	0	-1	-1	0	0	0	-1	0	0	0	0	-1	0	-1	1	0	0	0	-1	0	0	0	0	-1	0	-1	-1	1	-1	-1	0	0	0	0	-1	0	-1	-1	0	0	0	0	1	0	1	-1	0	0	1	0	0	0	0	0	0	0
TPM4	0	19p	0	-1	0	0	0	-1	0	0	0	-1	-1	0	0	0	-1	0	0	0	0	-1	0	-1	1	0	0	0	-1	0	0	0	0	-1	0	-1	-1	1	-1	-1	0	0	0	0	-1	0	-1	-1	0	0	0	0	0	0	-1	-1	0	0	1	0	0	0	0	0	0	0
JAK3	0	19p	0	-1	0	0	0	-1	0	0	0	-1	-1	0	0	0	-1	0	0	0	0	-2	0	-1	1	0	0	0	-1	0	0	-1	0	-1	0	-1	-1	1	-1	-1	0	0	0	0	-1	0	0	-1	0	0	0	0	0	0	-1	-1	0	0	0	0	0	0	0	0	0	0
PIK3R2	0	19p	0	-1	0	0	0	-1	0	0	0	-1	-1	0	0	0	-1	0	0	0	0	-2	0	-1	1	0	0	0	-1	0	0	-1	0	-1	0	-1	-1	1	-1	0	0	0	0	0	-1	0	0	-1	0	0	0	0	0	0	-1	-1	0	0	0	0	0	0	0	0	0	0
MEF2B	0	19p	0	-1	0	0	0	-1	0	0	0	-1	-1	0	0	0	-1	0	0	0	0	-1	0	-1	1	0	0	0	-1	0	0	-1	0	-1	0	-1	-1	1	-1	0	0	0	0	0	-1	0	0	-1	0	0	0	0	0	0	-1	-1	0	0	0	0	0	0	0	0	0	0
CCNE1	0	19p	2	-1	0	0	0	-1	0	0	0	0	0	0	0	0	0	0	1	0	0	-1	1	-1	2	0	2	0	0	2	0	0	1	0	2	0	0	1	0	0	0	0	0	0	-1	0	0	2	0	0	0	1	1	1	0	0	-1	0	0	0	0	0	0	0	0	0
CEBPA	0	19p	1	-1	0	0	0	-1	0	0	0	0	0	0	0	0	0	0	0	0	0	-1	1	-1	2	0	2	0	0	2	0	0	0	0	1	-1	0	1	0	0	0	0	0	0	-1	0	0	2	0	0	0	0	1	0	0	0	-1	0	0	0	0	0	0	0	0	0
MAG	0	19p	1	-1	0	2	0	-1	0	0	0	-1	0	0	0	0	0	0	0	0	0	-1	1	-1	2	0	2	0	0	2	0	0	0	0	0	-1	0	1	0	0	0	0	0	0	-1	0	0	2	0	0	0	0	1	1	0	0	-1	0	0	0	0	0	0	0	0	0
RYR1	0	19p	2	-1	0	0	0	-1	0	0	0	-1	0	0	0	0	0	0	1	0	0	-1	1	-1	2	0	2	0	1	1	0	0	0	0	0	0	0	1	0	0	0	0	0	0	-1	0	0	2	0	0	0	0	1	0	0	0	-1	0	0	0	0	2	0	0	0	0
ACTN4	0	19p	2	-1	0	0	0	-1	0	0	0	-1	0	0	0	0	0	0	1	0	0	-1	1	-1	2	0	2	0	1	1	0	0	0	0	0	0	0	1	0	0	0	0	0	0	-1	0	0	2	0	0	0	0	1	0	0	0	-1	0	0	0	0	2	0	0	0	0
AKT2	0	19p	0	-1	0	0	0	-1	0	0	0	-1	0	0	0	0	0	0	1	0	0	-1	1	-1	2	0	2	0	1	1	0	0	0	0	0	0	0	1	0	0	0	0	0	0	-1	0	0	2	0	0	0	0	1	0	0	0	-1	0	0	0	0	1	0	0	0	0
LTBP4	0	19p	0	-1	0	0	0	-1	0	0	0	-1	0	0	0	0	0	1	0	0	0	-1	1	-1	2	0	2	0	1	1	0	0	0	0	0	0	0	1	0	0	0	0	0	0	-1	0	0	2	0	0	0	0	1	0	0	0	-1	0	0	0	0	0	0	0	0	0
AXL	0	19p	0	-1	0	0	0	-1	0	0	0	-1	0	0	0	0	0	1	0	0	0	-1	0	-1	2	0	2	0	1	1	0	0	0	0	0	0	0	1	0	0	0	0	0	0	-1	0	0	2	0	0	0	0	1	0	0	0	-1	0	0	0	0	0	0	0	0	0
CD79A	0	19p	0	-1	0	0	0	-1	0	0	0	0	0	0	0	0	0	1	0	0	0	-1	0	-1	2	0	2	0	1	1	0	0	0	0	0	0	0	1	0	0	0	0	0	0	-1	0	0	2	0	0	0	0	1	0	0	0	-1	0	0	0	0	0	0	0	0	0
CIC	0	19p	0	-1	0	0	0	-1	0	0	0	0	0	0	0	0	0	1	0	0	0	-1	0	-1	2	0	2	0	1	1	0	0	0	0	0	0	0	1	0	0	0	0	0	0	-1	0	0	2	0	0	0	0	1	0	-1	0	-1	0	0	0	0	0	0	0	0	0
BBC3	0	19p	0	-1	0	0	0	-1	0	0	0	0	0	0	0	0	0	0	0	0	0	-1	0	-1	2	0	2	0	1	0	0	0	0	0	0	0	0	1	0	0	0	0	0	0	-1	0	0	2	0	0	0	0	1	0	-1	0	-1	0	0	0	0	0	0	0	0	0
BAX	0	19p	0	-1	0	0	0	-1	0	0	0	0	0	0	0	0	0	0	0	0	0	-1	0	-1	2	0	2	-1	1	0	0	0	0	0	0	0	0	1	0	0	0	0	0	0	-1	0	0	2	0	0	0	0	1	0	-1	0	1	0	0	0	0	0	0	0	0	0
LHB	0	19p	0	-1	0	0	0	-1	0	0	0	0	0	0	0	0	0	0	0	0	0	-1	0	-1	2	0	2	-1	1	0	0	0	0	0	0	0	0	1	0	0	0	0	0	0	-1	0	0	2	0	0	0	0	1	0	-1	0	1	0	0	0	0	0	0	0	0	0
PPP2R1A	0	19p	0	-1	0	0	0	-1	0	0	0	0	0	0	0	0	0	0	0	0	0	-1	0	-1	2	0	2	-1	1	0	0	0	0	0	0	0	0	1	0	0	0	0	0	0	-1	0	0	2	0	0	0	0	1	0	-1	0	1	0	0	0	0	0	0	0	0	0
SNAP25	0	20p	0	0	0	1	1	-1	0	0	2	1	-1	0	0	1	-1	1	0	0	0	-1	0	-1	2	0	1	0	1	1	0	0	0	0	0	-1	0	1	1	0	0	0	0	0	0	0	0	0	0	0	0	2	1	1	0	0	0	2	0	0	0	1	0	0	1	0
ASXL1	0	20p	1	0	0	1	2	0	1	0	2	1	0	0	0	1	0	1	1	0	0	0	0	0	2	0	1	1	1	1	0	0	0	0	0	-1	0	1	1	1	0	0	0	0	1	1	-1	1	0	0	0	2	1	1	0	0	0	2	0	0	0	1	0	1	1	0
SRC	0	20p	1	0	0	1	2	0	2	0	2	1	0	0	0	1	0	1	1	0	0	0	0	0	2	0	1	1	1	1	0	0	0	0	0	-1	0	1	1	1	0	0	0	0	1	1	0	1	0	0	0	2	1	1	0	0	0	2	0	0	1	1	0	1	1	0
TOP1	0	20p	1	0	0	1	2	0	2	0	2	1	0	0	0	1	0	1	1	0	0	0	0	0	2	0	1	1	1	1	0	0	0	1	0	0	0	1	1	1	0	0	0	0	1	1	0	1	0	0	-1	2	1	1	0	0	0	2	0	0	1	1	0	1	1	0
JPH2	0	20p	1	0	0	1	2	0	2	0	2	1	0	0	1	1	0	1	1	0	0	0	0	0	2	0	1	1	1	1	0	0	0	1	0	0	0	1	1	1	0	0	0	0	1	1	0	1	0	1	-1	2	1	1	0	0	0	2	0	0	2	1	0	1	1	0
MMP9	0	20p	1	0	0	1	2	0	1	0	2	1	0	0	1	1	0	1	1	0	0	0	0	0	2	0	1	1	1	1	0	0	0	0	0	0	0	1	1	1	0	0	0	0	1	1	0	1	0	1	-1	1	1	2	0	0	0	2	0	0	0	1	0	1	1	0
ZNF217	0	20p	1	0	0	1	2	0	0	0	2	1	0	0	1	1	0	1	2	0	0	0	0	0	2	0	1	1	1	1	0	0	0	2	1	0	0	1	1	1	0	0	0	0	1	1	0	1	0	1	0	1	1	1	1	0	0	2	0	0	1	1	0	1	1	0
AURKA	0	20p	1	0	0	1	2	0	0	0	2	1	0	0	1	1	0	1	2	0	0	0	0	0	2	0	1	1	1	1	0	0	0	1	1	0	0	1	1	1	0	0	0	0	1	1	0	1	0	1	0	1	1	1	0	0	0	2	0	0	1	1	0	1	1	0
GNAS	0	20p	1	0	0	1	2	0	1	0	2	1	0	0	1	1	0	1	2	0	0	0	0	0	2	0	1	1	1	1	0	0	0	1	1	0	0	1	1	1	0	0	0	0	1	1	0	1	0	1	0	0	1	1	0	0	0	2	0	0	0	1	0	1	1	0
ARFRP1	0	20p	1	0	0	1	2	0	0	0	2	1	0	0	1	1	0	1	2	0	0	0	0	0	2	0	1	1	1	1	0	0	0	2	1	0	0	1	1	-1	0	0	0	0	1	1	0	1	0	1	0	0	1	1	1	0	0	2	0	0	-1	1	0	1	1	0
CXADR	0	21p	-1	-1	0	0	-1	-1	0	-1	0	0	-1	0	0	0	-1	1	0	0	0	-1	0	-1	0	-1	2	0	0	0	0	-1	0	0	0	0	-1	0	0	-1	0	0	0	-1	-1	0	0	0	0	0	-1	0	0	0	-1	-1	0	0	0	0	-1	0	0	0	-1	0
SON	0	21p	0	-1	0	0	-1	-1	0	-1	0	0	-1	0	0	0	-1	1	0	0	0	-1	0	-1	1	-1	1	0	1	0	0	-1	0	0	0	0	-1	0	0	-1	0	0	0	-1	-1	0	0	0	0	0	-1	0	0	0	0	-1	0	0	0	0	-1	0	0	0	0	0
RUNX1	0	21p	0	-1	0	0	-1	-1	0	-1	0	0	-1	0	0	0	-1	0	0	0	0	-1	-1	-1	0	-2	-1	0	-1	0	-1	-1	1	0	0	0	-1	0	0	-1	0	0	0	-1	-1	0	0	0	0	0	-1	0	0	-1	-1	-1	0	0	0	0	-1	0	0	0	0	0
ERG	0	21p	0	-1	0	0	-1	-1	0	-1	0	0	-1	0	0	0	-1	0	0	0	0	-1	-1	-1	0	-2	-1	0	-1	0	-1	-1	0	0	0	0	-1	0	0	-1	0	0	0	-1	-1	0	0	0	0	0	-1	0	0	0	-1	-1	0	-1	0	0	-1	0	0	0	0	0
MX2	0	21p	0	-1	0	0	-1	-1	0	-1	0	0	-1	0	0	0	-1	0	0	0	0	-1	-1	-1	0	-2	-1	0	-1	0	-1	-1	0	0	0	0	-1	0	0	-1	0	0	0	-1	-1	0	0	0	0	0	-1	0	0	0	-1	-1	0	-1	0	0	-1	0	0	0	0	0
U2AF1	0	21p	0	-1	0	0	-1	-1	0	-1	0	0	-1	0	0	0	-1	0	0	0	0	-1	-1	-1	0	-1	-1	0	-1	0	-1	-1	0	0	0	0	-1	0	0	-1	0	0	-1	-1	-1	0	0	0	0	0	-1	0	0	0	-1	-1	0	-1	0	0	-1	0	0	0	0	0
CRKL	0	22p	0	-1	0	0	-1	-1	0	-1	0	0	-1	0	0	0	-2	0	-1	0	0	-1	-1	-1	1	0	0	-1	-1	0	0	0	-1	-1	0	0	-1	0	0	-1	0	0	0	0	0	0	0	0	0	0	-1	0	0	0	-1	-1	-1	0	-1	0	-1	1	0	0	0	0
MAPK1	0	22p	0	-1	0	0	-1	-1	0	-1	0	0	0	0	0	0	-2	0	0	0	0	-1	-1	-1	1	0	0	-1	-1	0	0	0	-1	-1	0	0	-1	0	0	-1	0	0	0	0	0	0	0	0	0	0	-1	0	0	0	-1	-1	-1	0	-1	0	-1	1	0	0	0	0
SMARCB1	0	22p	0	-1	0	0	-1	-1	0	-1	0	0	0	0	0	0	-1	0	0	0	0	-1	-1	-1	1	0	0	-1	-1	0	0	0	-1	-1	0	0	-1	0	0	0	0	0	0	0	0	0	0	0	0	0	-1	0	0	0	-1	-1	-1	0	-1	0	-1	1	0	0	0	0
ADRBK2	0	22p	0	-1	0	0	-1	-1	0	-1	0	0	0	0	0	0	-1	0	0	0	0	-1	-1	-1	1	0	0	-1	-1	0	0	0	-1	-1	0	0	-1	0	0	0	0	0	0	0	0	0	0	0	0	0	-1	0	0	0	-1	-1	-1	0	-1	0	-1	1	0	0	0	0
CHEK2	0	22p	0	-1	0	0	-1	-1	0	-1	0	0	0	0	0	0	-1	0	0	0	0	-1	-1	-1	0	0	0	-1	-1	0	0	0	-1	-1	0	0	-1	0	0	0	0	1	0	0	0	0	0	0	0	0	-1	0	0	0	-1	-1	-1	0	-1	0	-1	1	0	0	0	0
NF2	0	22p	0	-1	0	0	-1	-1	0	-1	0	0	0	0	0	0	-1	0	0	0	0	-1	-1	-1	0	0	0	-1	-1	0	0	0	-1	-1	0	0	-1	0	0	0	0	1	0	0	0	0	0	0	0	0	-1	0	0	0	-1	-1	-1	0	-1	0	-1	1	0	0	0	0
TRIOBP	0	22p	0	-1	0	0	-1	-1	0	-1	0	0	0	0	0	0	-1	0	0	0	0	-1	0	-1	0	0	0	0	-1	0	0	0	-1	-1	0	0	-1	0	0	0	0	1	0	0	0	0	0	0	0	0	-1	0	0	0	-1	-1	-1	0	-1	0	-1	1	0	0	0	0
SOX10	0	22p	0	-1	0	0	-1	-1	0	-1	0	0	0	0	0	0	-1	0	0	0	0	-1	0	-1	0	0	0	0	-1	0	0	0	-1	-1	0	0	-1	0	0	0	0	1	0	0	0	0	0	0	0	0	-1	0	0	0	-1	-1	-1	0	-1	0	-1	1	0	0	0	0
EP300	0	22p	0	-1	0	0	-1	-1	0	-1	0	0	0	0	0	0	-1	0	0	0	0	-1	0	-1	0	0	0	-1	-1	0	0	0	-1	-1	0	0	-1	0	0	0	0	1	0	0	0	0	0	0	0	0	-1	0	0	0	-1	-1	-1	0	-1	0	-1	1	0	0	0	0
CYP2D6	0	22p	0	-1	0	0	-2	-1	0	-2	0	0	-2	0	0	-2	-1	0	0	0	0	-1	0	-1	0	0	0	-1	-2	-2	0	0	-1	-1	0	0	-1	-2	0	0	0	1	0	0	0	0	0	0	0	-2	-2	0	-2	0	-1	-1	-2	0	-1	0	-1	1	0	0	0	0
