L1,Gene,Mut,loh,gene_loh,Driver,Cons,Vtype,value,loh_combined,ConsB
EAC001,TP53,p.R213*,LOH,TRUE,Driver,LoF,SNV,TP53 p.R213*,LOH,LoF LOH
EAC002,TP53,p.C238Y,COPY-NEUTRAL LOH,TRUE,Driver,LoF,SNV,TP53 p.C238Y,COPY-NEUTRAL LOH,LoF LOH
EAC002,SMAD4,p.R361H,WHOLE ARM LOH,TRUE,Driver,LoF,SNV,SMAD4 p.R361H,WHOLE ARM LOH,LoF LOH
EAC002,PIK3CA,p.E542K,,FALSE,Driver,GoF,SNV,PIK3CA p.E542K,FALSE,GoF
EAC002,KMT2D,p.R2095H,,FALSE,Driver,LoF,SNV,KMT2D p.R2095H,FALSE,LoF
EAC003,SOS1,p.L343R,,FALSE,Driver,Unknown,SNV,SOS1 p.L343R,FALSE,Unknown
EAC003,SMARCB1,p.R52S,,FALSE,Driver,Unknown,SNV,SMARCB1 p.R52S,FALSE,Unknown
EAC003,AMER1,p.S895Y,NA,NA,Driver,Unknown,SNV,AMER1 p.S895Y,NA,Unknown
EAC003,USP8,p.R763W,,FALSE,Driver,GoF,SNV,USP8 p.R763W,FALSE,GoF
EAC003,USP8,p.N764K,,FALSE,Driver,GoF,SNV,USP8 p.N764K,FALSE,GoF
EAC003,STAT3,p.M123V,,FALSE,Driver,Unknown,SNV,STAT3 p.M123V,FALSE,Unknown
EAC004,MITF,p.R347C,COPY-NEUTRAL LOH,TRUE,Driver,Unknown,SNV,MITF p.R347C,COPY-NEUTRAL LOH,Unknown LOH
EAC004,PIK3CA,p.E545K,LOH,TRUE,Driver,GoF,SNV,PIK3CA p.E545K,LOH,GoF LOH
EAC004,TP53,p.R282W,COPY-NEUTRAL LOH,TRUE,Driver,LoF,SNV,TP53 p.R282W,COPY-NEUTRAL LOH,LoF LOH
EAC005,TP53,p.Y103*,LOH,TRUE,Driver,LoF,SNV,TP53 p.Y103*,LOH,LoF LOH
EAC006,TP53,p.C141Y,LOH,TRUE,Driver,LoF,SNV,TP53 p.C141Y,LOH,LoF LOH
EAC006,NOTCH1,p.A1562P,,FALSE,Driver,Unknown,SNV,NOTCH1 p.A1562P,FALSE,Unknown
EAC006,CDKN2A,p.D74Y,LOH,TRUE,Driver,LoF,SNV,CDKN2A p.D74Y,LOH,LoF LOH
EAC007,MGMT,p.G184R,NA,FALSE,Driver,Unknown,SNV,MGMT p.G184R,FALSE,Unknown
EAC007,TSC2,p.S726F,LOH,TRUE,Driver,Unknown,SNV,TSC2 p.S726F,LOH,Unknown LOH
EAC007,TP53,p.Q331Hfs*15,COPY-NEUTRAL LOH,TRUE,Driver,LoF,SNV,TP53 p.Q331Hfs*15,COPY-NEUTRAL LOH,LoF LOH
EAC007,PIK3CA,p.R93W,LOH,TRUE,Driver,GoF,SNV,PIK3CA p.R93W,LOH,GoF LOH
EAC007,RAD50,p.R193W,COPY-NEUTRAL LOH,TRUE,Driver,Unknown,SNV,RAD50 p.R193W,COPY-NEUTRAL LOH,Unknown LOH
EAC008,KRAS,p.G12V,NA,NA,Driver,GoF,SNV AMP,KRAS p.G12V,NA,GoF
EAC008,SMAD4,p.C363Y,LOH,TRUE,Driver,LoF,SNV,SMAD4 p.C363Y,LOH,LoF LOH
EAC008,ATRX,p.S797*,NA,NA,Driver,LoF,SNV,ATRX p.S797*,NA,LoF
EAC008,USP8,p.T785A,,TRUE,Driver,GoF,SNV,USP8 p.T785A,TRUE,GoF LOH
EAC008,CHEK2,p.K416E,WHOLE ARM COPY-NEUTRAL LOH,TRUE,Driver,LoF,SNV,CHEK2 p.K416E,WHOLE ARM COPY-NEUTRAL LOH,LoF LOH
EAC008,FBXW7,p.R278*,,FALSE,Driver,LoF,SNV,FBXW7 p.R278*,FALSE,LoF
EAC008,MYC,p.A391D,LOH,FALSE,Driver,Unknown,SNV,MYC p.A391D,LOH,Unknown LOH
EAC009,TP53,p.G266E,WHOLE ARM COPY-NEUTRAL LOH,TRUE,Driver,LoF,SNV,TP53 p.G266E,WHOLE ARM COPY-NEUTRAL LOH,LoF LOH
EAC009,SMAD2,p.S464*,WHOLE ARM COPY-NEUTRAL LOH,TRUE,Driver,LoF,SNV,SMAD2 p.S464*,WHOLE ARM COPY-NEUTRAL LOH,LoF LOH
EAC010,TP53,p.R273H,,TRUE,Driver,LoF,SNV,TP53 p.R273H,TRUE,LoF LOH
EAC010,TP53,p.Q104*,,TRUE,Driver,LoF,SNV,TP53 p.Q104*,TRUE,LoF LOH
EAC010,BRCA1,p.A1729V,,FALSE,Driver,Unknown,SNV,BRCA1 p.A1729V,FALSE,Unknown
EAC010,LRP1B,p.F3355C,,TRUE,Driver,LoF,SNV,LRP1B p.F3355C,TRUE,LoF LOH
EAC011,HNF1A,p.G292Rfs*25,,TRUE,Driver,LoF,SNV,HNF1A p.G292Rfs*25,TRUE,LoF LOH
EAC011,TP53,p.E221*,,TRUE,Driver,LoF,SNV,TP53 p.E221*,TRUE,LoF LOH
EAC011,IKZF1,p.R386C,LOH,FALSE,Driver,Unknown,SNV,IKZF1 p.R386C,LOH,Unknown LOH
EAC012,TP53,p.T155N,COPY-NEUTRAL LOH,TRUE,Driver,LoF,SNV,TP53 p.T155N,COPY-NEUTRAL LOH,LoF LOH
EAC012,CDKN2A,p.R112Pfs*8,WHOLE ARM LOH,TRUE,Driver,LoF,SNV,CDKN2A p.R112Pfs*8,WHOLE ARM LOH,LoF LOH
EAC013,ARID2,p.T1180M,,TRUE,Driver,LoF,SNV,ARID2 p.T1180M,TRUE,LoF LOH
EAC013,SMAD4,p.R361H,LOH,TRUE,Driver,LoF,SNV,SMAD4 p.R361H,LOH,LoF LOH
EAC013,EP300,p.H2324Pfs*55,,FALSE,Driver,LoF,SNV,EP300 p.H2324Pfs*55,FALSE,LoF
EAC013,FGFR2,p.R203C,LOH,TRUE,Driver,Unknown,SNV AMP,FGFR2 p.R203C,LOH,Unknown LOH
EAC013,MGMT,p.G184R,,FALSE,Driver,Unknown,SNV,MGMT p.G184R,FALSE,Unknown
EAC013,ZFHX3,p.P3598Lfs*96,LOH,FALSE,Driver,LoF,SNV,ZFHX3 p.P3598Lfs*96,LOH,LoF LOH
EAC013,ZFHX3,p.E2412*,LOH,FALSE,Driver,Unknown,SNV,ZFHX3 p.E2412*,LOH,Unknown LOH
EAC013,TP53,p.R282W,LOH,TRUE,Driver,LoF,SNV,TP53 p.R282W,LOH,LoF LOH
EAC013,RNF43,p.G659Vfs*41,LOH,TRUE,Driver,LoF,SNV,RNF43 p.G659Vfs*41,LOH,LoF LOH
EAC013,PIK3CA,p.R93W,WHOLE ARM COPY-NEUTRAL LOH,TRUE,Driver,GoF,SNV,PIK3CA p.R93W,WHOLE ARM COPY-NEUTRAL LOH,GoF LOH
EAC013,RAD50,p.R193W,,FALSE,Driver,Unknown,SNV,RAD50 p.R193W,FALSE,Unknown
EAC014,TP53,p.V272M,,TRUE,Driver,LoF,SNV,TP53 p.V272M,TRUE,LoF LOH
EAC014,KMT2D,p.W5065*,,FALSE,Driver,LoF,SNV,KMT2D p.W5065*,FALSE,LoF
EAC015,ERBB3,p.K329R,,FALSE,Driver,Unknown,SNV,ERBB3 p.K329R,FALSE,Unknown
EAC016,SPEN,p.E2214Afs*11,,FALSE,Driver,LoF,SNV,SPEN p.E2214Afs*11,FALSE,LoF
EAC016,ARID2,p.Q917*,,FALSE,Driver,LoF,SNV,ARID2 p.Q917*,FALSE,LoF
EAC016,ARID2,NA,,FALSE,Driver,LoF,SNV,ARID2 NA,FALSE,LoF
EAC016,TP53,p.N29Tfs*15,LOH,TRUE,Driver,LoF,SNV,TP53 p.N29Tfs*15,LOH,LoF LOH
EAC016,AR,p.K718T,NA,NA,Driver,Unknown,SNV,AR p.K718T,NA,Unknown
EAC016,HNF1A,p.G292Rfs*25,LOH,TRUE,Driver,LoF,SNV,HNF1A p.G292Rfs*25,LOH,LoF LOH
EAC016,USP8,p.R763W,,FALSE,Driver,GoF,SNV,USP8 p.R763W,FALSE,GoF
EAC017,ARID1A,p.P1326Rfs*155,,FALSE,Driver,LoF,SNV,ARID1A p.P1326Rfs*155,FALSE,LoF
EAC017,ARID1A,p.F1941Lfs*15,,FALSE,Driver,LoF,SNV,ARID1A p.F1941Lfs*15,FALSE,LoF
EAC017,JAK1,p.L431Vfs*22,,FALSE,Driver,LoF,SNV,JAK1 p.L431Vfs*22,FALSE,LoF
EAC017,RB1,p.H673Y,COPY-NEUTRAL LOH,FALSE,Driver,LoF,SNV,RB1 p.H673Y,COPY-NEUTRAL LOH,LoF LOH
EAC017,HIF1A,p.T198A,,FALSE,Driver,Unknown,SNV,HIF1A p.T198A,FALSE,Unknown
EAC017,CREBBP,p.R1664C,,FALSE,Driver,LoF,SNV,CREBBP p.R1664C,FALSE,LoF
EAC017,CREBBP,p.P1423Lfs*36,,FALSE,Driver,LoF,SNV,CREBBP p.P1423Lfs*36,FALSE,LoF
EAC017,CREBBP,p.I1084Sfs*15,,FALSE,Driver,LoF,SNV,CREBBP p.I1084Sfs*15,FALSE,LoF
EAC017,TP53,p.K382Nfs*40,,FALSE,Driver,LoF,SNV,TP53 p.K382Nfs*40,FALSE,LoF
EAC017,EPAS1,p.S159Afs*12,LOH,FALSE,Driver,LoF,SNV,EPAS1 p.S159Afs*12,LOH,LoF LOH
EAC017,MSH2,p.A230Lfs*16,,FALSE,Driver,LoF,SNV,MSH2 p.A230Lfs*16,FALSE,LoF
EAC017,LRP1B,p.E1085G,LOH,TRUE,Driver,LoF,SNV,LRP1B p.E1085G,LOH,LoF LOH
EAC017,RUNX1,p.R201*,,FALSE,Driver,LoF,SNV,RUNX1 p.R201*,FALSE,LoF
EAC017,EP300,p.H2324Pfs*55,,FALSE,Driver,LoF,SNV,EP300 p.H2324Pfs*55,FALSE,LoF
EAC017,GATA2,p.G392V,,FALSE,Driver,Unknown,SNV,GATA2 p.G392V,FALSE,Unknown
EAC017,GATA2,p.R337*,,FALSE,Driver,GoF,SNV,GATA2 p.R337*,FALSE,GoF
EAC017,MAP3K1,NA,,FALSE,Driver,Unknown,SNV,MAP3K1 NA,FALSE,Unknown
EAC017,IKZF1,p.S402I,LOH,FALSE,Driver,Unknown,SNV,IKZF1 p.S402I,LOH,Unknown LOH
EAC017,AMER1,p.R358*,NA,NA,Driver,LoF,SNV,AMER1 p.R358*,NA,LoF
EAC017,ARID1A,p.D1850Tfs*33,,FALSE,Driver,LoF,SNV,ARID1A p.D1850Tfs*33,FALSE,LoF
EAC017,KMT2D,p.Q3736*,,FALSE,Driver,LoF,SNV,KMT2D p.Q3736*,FALSE,LoF
EAC017,RNF43,p.G659Vfs*41,,FALSE,Driver,LoF,SNV,RNF43 p.G659Vfs*41,FALSE,LoF
EAC017,GNA11,p.R183H,,FALSE,Driver,Unknown,SNV,GNA11 p.R183H,FALSE,Unknown
EAC017,PIK3R2,p.G373R,,FALSE,Driver,LoF,SNV,PIK3R2 p.G373R,FALSE,LoF
EAC017,BCOR,p.S336Lfs*45,NA,NA,Driver,LoF,SNV,BCOR p.S336Lfs*45,NA,LoF
EAC018,JAK1,p.P430Rfs*2,,FALSE,Driver,LoF,SNV,JAK1 p.P430Rfs*2,FALSE,LoF
EAC018,RNF43,p.R225Afs*194,,FALSE,Driver,LoF,SNV,RNF43 p.R225Afs*194,FALSE,LoF
EAC018,LRP1B,p.T362I,,FALSE,Driver,LoF,SNV,LRP1B p.T362I,FALSE,LoF
EAC018,SF3B1,p.V1169I,,FALSE,Driver,Unknown,SNV,SF3B1 p.V1169I,FALSE,Unknown
EAC018,NBN,p.A313V,COPY-NEUTRAL LOH,FALSE,Driver,Unknown,SNV,NBN p.A313V,COPY-NEUTRAL LOH,Unknown LOH
EAC018,ARID1A,p.S744*,,FALSE,Driver,LoF,SNV,ARID1A p.S744*,FALSE,LoF
EAC018,ARID1A,p.N2059Tfs*76,,FALSE,Driver,LoF,SNV,ARID1A p.N2059Tfs*76,FALSE,LoF
EAC018,BAX,p.E41Rfs*19,,FALSE,Driver,LoF,SNV,BAX p.E41Rfs*19,FALSE,LoF
EAC018,PIK3CA,p.H1047R,,FALSE,Driver,GoF,SNV,PIK3CA p.H1047R,FALSE,GoF
EAC018,FGFR4,p.G254R,,FALSE,Driver,Unknown,SNV,FGFR4 p.G254R,FALSE,Unknown
EAC018,KAT6A,p.R867C,,FALSE,Driver,GoF,SNV,KAT6A p.R867C,FALSE,GoF
EAC019,LRP1B,p.N3683I,LOH,FALSE,Driver,LoF,SNV,LRP1B p.N3683I,LOH,LoF LOH
EAC019,LRP1B,p.R2138*,LOH,FALSE,Driver,LoF,SNV,LRP1B p.R2138*,LOH,LoF LOH
EAC019,TP53,NA,LOH,TRUE,Driver,LoF,SNV DEL,TP53 NA,LOH,LoF LOH
EAC019,BCORL1,p.E588*,NA,NA,Driver,Unknown,SNV,BCORL1 p.E588*,NA,Unknown
EAC020,TP53,p.P152L,COPY-NEUTRAL LOH,TRUE,Driver,LoF,SNV,TP53 p.P152L,COPY-NEUTRAL LOH,LoF LOH
EAC020,GNAQ,p.T96S,WHOLE ARM LOH,TRUE,Driver,GoF,SNV,GNAQ p.T96S,WHOLE ARM LOH,GoF LOH
EAC021,ERBB3,p.H228R,LOH,FALSE,Driver,Unknown,SNV,ERBB3 p.H228R,LOH,Unknown LOH
EAC021,TP53,p.S127F,LOH,TRUE,Driver,LoF,SNV,TP53 p.S127F,LOH,LoF LOH
EAC022,TP53,p.A138P,LOH,TRUE,Driver,LoF,SNV,TP53 p.A138P,LOH,LoF LOH
EAC023,NTRK3,p.K746T,,TRUE,Driver,GoF,SNV,NTRK3 p.K746T,TRUE,GoF LOH
EAC023,TP53,p.R273C,COPY-NEUTRAL LOH,TRUE,Driver,LoF,SNV,TP53 p.R273C,COPY-NEUTRAL LOH,LoF LOH
EAC023,TP53,p.R213Q,COPY-NEUTRAL LOH,TRUE,Driver,LoF,SNV,TP53 p.R213Q,COPY-NEUTRAL LOH,LoF LOH
EAC023,CTNNB1,p.N387K,,TRUE,Driver,Unknown,SNV,CTNNB1 p.N387K,TRUE,Unknown LOH
EAC024,DNMT3A,p.R736C,,FALSE,Driver,Unknown,SNV,DNMT3A p.R736C,FALSE,Unknown
EAC025,TP53,p.R306*,NA,TRUE,Driver,LoF,SNV,TP53 p.R306*,TRUE,LoF LOH
EAC025,KDM6A,p.Q596*,NA,NA,Driver,LoF,SNV,KDM6A p.Q596*,NA,LoF
EAC026,SPEN,p.N2053Tfs*11,,TRUE,Driver,LoF,SNV,SPEN p.N2053Tfs*11,TRUE,LoF LOH
EAC026,JAK1,p.P430Rfs*2,,TRUE,Driver,LoF,SNV,JAK1 p.P430Rfs*2,TRUE,LoF LOH
EAC026,MGMT,p.A114G,,FALSE,Driver,Unknown,SNV,MGMT p.A114G,FALSE,Unknown
EAC026,KMT2A,p.R3874Q,LOH,TRUE,Driver,GoF,SNV,KMT2A p.R3874Q,LOH,GoF LOH
EAC026,ARID2,p.H1685R,,FALSE,Driver,LoF,SNV,ARID2 p.H1685R,FALSE,LoF
EAC026,DICER1,p.P645L,LOH,FALSE,Driver,Unknown,SNV,DICER1 p.P645L,LOH,Unknown LOH
EAC026,CREBBP,p.R1664C,,FALSE,Driver,LoF,SNV,CREBBP p.R1664C,FALSE,LoF
EAC026,TP53,p.E286K,COPY-NEUTRAL LOH,TRUE,Driver,LoF,SNV,TP53 p.E286K,COPY-NEUTRAL LOH,LoF LOH
EAC026,BRCA1,p.R1203*,,NA,Driver,LoF,SNV,BRCA1 p.R1203*,NA,LoF
EAC026,PIK3CA,p.G914R,,FALSE,Driver,GoF,SNV,PIK3CA p.G914R,FALSE,GoF
EAC026,MAP3K1,p.N1079Ifs*3,COPY-NEUTRAL LOH,TRUE,Driver,LoF,SNV,MAP3K1 p.N1079Ifs*3,COPY-NEUTRAL LOH,LoF LOH
EAC026,KMT2C,p.Q3498*,COPY-NEUTRAL LOH,TRUE,Driver,LoF,SNV,KMT2C p.Q3498*,COPY-NEUTRAL LOH,LoF LOH
EAC026,GNAQ,p.L42P,,FALSE,Driver,Unknown,SNV,GNAQ p.L42P,FALSE,Unknown
EAC026,ATRX,p.T1582Qfs*24,NA,NA,Driver,LoF,SNV,ATRX p.T1582Qfs*24,NA,LoF
EAC026,JAK1,p.K860Nfs*16,,TRUE,Driver,LoF,SNV,JAK1 p.K860Nfs*16,TRUE,LoF LOH
EAC026,IRS2,p.P236L,LOH,FALSE,Driver,Unknown,SNV,IRS2 p.P236L,LOH,Unknown LOH
EAC026,RNF43,p.G659Vfs*41,,FALSE,Driver,LoF,SNV,RNF43 p.G659Vfs*41,FALSE,LoF
EAC026,PPP2R1A,p.C174R,,FALSE,Driver,Unknown,SNV,PPP2R1A p.C174R,FALSE,Unknown
EAC026,CHEK2,p.K416E,WHOLE ARM COPY-NEUTRAL LOH,TRUE,Driver,LoF,SNV,CHEK2 p.K416E,WHOLE ARM COPY-NEUTRAL LOH,LoF LOH
EAC027,TP53,p.V216M,,TRUE,Driver,LoF,SNV,TP53 p.V216M,TRUE,LoF LOH
EAC028,TP53,p.R248Q,LOH,TRUE,Driver,LoF,SNV,TP53 p.R248Q,LOH,LoF LOH
EAC028,MYCN,p.R302C,COPY-NEUTRAL LOH,TRUE,Driver,Unknown,SNV,MYCN p.R302C,COPY-NEUTRAL LOH,Unknown LOH
EAC028,LRP1B,p.W4043*,COPY-NEUTRAL LOH,TRUE,Driver,LoF,SNV,LRP1B p.W4043*,COPY-NEUTRAL LOH,LoF LOH
EAC028,PBRM1,NA,LOH,TRUE,Driver,LoF,SNV,PBRM1 NA,LOH,LoF LOH
EAC028,APC,p.T1556Nfs*3,LOH,TRUE,Driver,LoF,SNV,APC p.T1556Nfs*3,LOH,LoF LOH
EAC028,BTK,p.W581G,NA,NA,Driver,Unknown,SNV,BTK p.W581G,NA,Unknown
EAC029,LRP1B,p.C3300Y,,FALSE,Driver,LoF,SNV,LRP1B p.C3300Y,FALSE,LoF
EAC029,TP53,p.R306*,LOH,TRUE,Driver,LoF,SNV,TP53 p.R306*,LOH,LoF LOH
EAC030,TP53,p.N239S,LOH,TRUE,Driver,LoF,SNV,TP53 p.N239S,LOH,LoF LOH
EAC031,TP53,p.V147Lfs*23,,TRUE,Driver,LoF,SNV,TP53 p.V147Lfs*23,TRUE,LoF LOH
EAC032,NTRK3,p.R169H,,FALSE,Driver,GoF,SNV,NTRK3 p.R169H,FALSE,GoF
EAC032,SMARCA4,p.T859M,,FALSE,Driver,LoF,SNV,SMARCA4 p.T859M,FALSE,LoF
EAC032,BAP1,p.R59Q,,FALSE,Driver,LoF,SNV,BAP1 p.R59Q,FALSE,LoF
EAC032,KMT2D,p.R2774W,,FALSE,Driver,LoF,SNV,KMT2D p.R2774W,FALSE,LoF
EAC032,HNF1A,p.G292Rfs*25,,FALSE,Driver,LoF,SNV,HNF1A p.G292Rfs*25,FALSE,LoF
EAC033,TP53,p.R213*,LOH,TRUE,Driver,LoF,SNV,TP53 p.R213*,LOH,LoF LOH
EAC033,NF1,p.W2494*,,FALSE,Driver,Unknown,SNV,NF1 p.W2494*,FALSE,Unknown
EAC033,KIT,p.D877N,,FALSE,Driver,Unknown,SNV,KIT p.D877N,FALSE,Unknown
EAC033,KMT2C,p.L2739*,LOH,TRUE,Driver,LoF,SNV,KMT2C p.L2739*,LOH,LoF LOH
EAC033,PRDM2,p.D293Afs*2,,FALSE,Driver,Unknown,SNV,PRDM2 p.D293Afs*2,FALSE,Unknown
EAC033,USP8,p.R763W,LOH,TRUE,Driver,GoF,SNV,USP8 p.R763W,LOH,GoF LOH
EAC033,USP8,p.N764K,LOH,TRUE,Driver,GoF,SNV,USP8 p.N764K,LOH,GoF LOH
EAC033,BRCA1,p.E1148K,NA,FALSE,Driver,Unknown,SNV,BRCA1 p.E1148K,FALSE,Unknown
EAC034,TP53,p.R213*,LOH,TRUE,Driver,LoF,SNV,TP53 p.R213*,LOH,LoF LOH
EAC034,KIT,p.R805Q,,FALSE,Driver,Unknown,SNV,KIT p.R805Q,FALSE,Unknown
EAC034,BCORL1,p.G1530A,NA,NA,Driver,Unknown,SNV,BCORL1 p.G1530A,NA,Unknown
EAC035,TP53,p.R273C,LOH,TRUE,Driver,LoF,SNV,TP53 p.R273C,LOH,LoF LOH
EAC035,CHEK2,p.R95*,WHOLE ARM LOH,TRUE,Driver,LoF,SNV,CHEK2 p.R95*,WHOLE ARM LOH,LoF LOH
EAC036,ARID1A,p.Q1519Pfs*13,LOH,TRUE,Driver,LoF,SNV,ARID1A p.Q1519Pfs*13,LOH,LoF LOH
EAC036,SMAD4,p.R361H,,TRUE,Driver,LoF,SNV,SMAD4 p.R361H,TRUE,LoF LOH
EAC037,TP53,p.H179R,COPY-NEUTRAL LOH,TRUE,Driver,LoF,SNV,TP53 p.H179R,COPY-NEUTRAL LOH,LoF LOH
EAC038,TP53,p.R248W,LOH,TRUE,Driver,LoF,SNV,TP53 p.R248W,LOH,LoF LOH
EAC039,TP53,p.C141W,LOH,TRUE,Driver,LoF,SNV,TP53 p.C141W,LOH,LoF LOH
EAC039,SOX9,p.T467I,LOH,TRUE,Driver,Unknown,SNV,SOX9 p.T467I,LOH,Unknown LOH
EAC040,WT1,p.R458*,,FALSE,Driver,LoF,SNV,WT1 p.R458*,FALSE,LoF
EAC040,TP53,p.R337L,LOH,TRUE,Driver,LoF,SNV,TP53 p.R337L,LOH,LoF LOH
EAC041,KRAS,p.G13D,,FALSE,Driver,GoF,SNV,KRAS p.G13D,FALSE,GoF
EAC041,PIK3CA,p.T1025A,,FALSE,Driver,GoF,SNV,PIK3CA p.T1025A,FALSE,GoF
EAC042,ARID1A,p.Q372Sfs*19,COPY-NEUTRAL LOH,TRUE,Driver,LoF,SNV,ARID1A p.Q372Sfs*19,COPY-NEUTRAL LOH,LoF LOH
EAC042,TP53,p.C124*,COPY-NEUTRAL LOH,TRUE,Driver,LoF,SNV,TP53 p.C124*,COPY-NEUTRAL LOH,LoF LOH
EAC043,SDHC,p.A116S,,FALSE,Driver,Unknown,SNV,SDHC p.A116S,FALSE,Unknown
EAC043,TP53,p.G266R,LOH,TRUE,Driver,LoF,SNV,TP53 p.G266R,LOH,LoF LOH
EAC044,SMARCA4,p.R1135Q,COPY-NEUTRAL LOH,TRUE,Driver,LoF,SNV,SMARCA4 p.R1135Q,COPY-NEUTRAL LOH,LoF LOH
EAC045,RET,p.R287W,LOH,TRUE,Driver,Unknown,SNV,RET p.R287W,LOH,Unknown LOH
EAC045,TP53,p.I162N,LOH,TRUE,Driver,LoF,SNV,TP53 p.I162N,LOH,LoF LOH
EAC045,APC,p.R230C,,FALSE,Driver,LoF,SNV,APC p.R230C,FALSE,LoF
EAC046,MTOR,p.I1892V,,FALSE,Driver,Unknown,SNV,MTOR p.I1892V,FALSE,Unknown
EAC046,EPHA2,p.S761F,,TRUE,Driver,Unknown,SNV,EPHA2 p.S761F,TRUE,Unknown LOH
EAC046,PTEN,p.N63Tfs*36,COPY-NEUTRAL LOH,FALSE,Driver,LoF,SNV,PTEN p.N63Tfs*36,COPY-NEUTRAL LOH,LoF LOH
EAC046,TRAF7,p.Q470*,,NA,Driver,LoF,SNV,TRAF7 p.Q470*,NA,LoF
EAC046,CDK12,p.K721Nfs*32,,FALSE,Driver,LoF,SNV,CDK12 p.K721Nfs*32,FALSE,LoF
EAC046,BRCA1,p.K654Sfs*47,,FALSE,Driver,LoF,SNV,BRCA1 p.K654Sfs*47,FALSE,LoF
EAC046,SMAD4,p.R445Q,WHOLE ARM COPY-NEUTRAL LOH,FALSE,Driver,LoF,SNV,SMAD4 p.R445Q,WHOLE ARM COPY-NEUTRAL LOH,LoF LOH
EAC046,MAP2K2,p.G141W,,FALSE,Driver,Unknown,SNV,MAP2K2 p.G141W,FALSE,Unknown
EAC046,SMARCA4,p.N817I,,FALSE,Driver,LoF,SNV,SMARCA4 p.N817I,FALSE,LoF
EAC046,BMPR2,p.C347R,,FALSE,Driver,Unknown,SNV,BMPR2 p.C347R,FALSE,Unknown
EAC046,SRC,p.Y530H,WHOLE ARM LOH,FALSE,Driver,Unknown,SNV,SRC p.Y530H,WHOLE ARM LOH,Unknown LOH
EAC046,EP300,p.Y1355C,,FALSE,Driver,LoF,SNV,EP300 p.Y1355C,FALSE,LoF
EAC046,FBXW7,p.R473Kfs*4,WHOLE ARM LOH,FALSE,Driver,LoF,SNV,FBXW7 p.R473Kfs*4,WHOLE ARM LOH,LoF LOH
EAC046,FBXW7,p.R224*,WHOLE ARM LOH,FALSE,Driver,LoF,SNV,FBXW7 p.R224*,WHOLE ARM LOH,LoF LOH
EAC046,FAT1,NA,WHOLE ARM LOH,FALSE,Driver,LoF,SNV,FAT1 NA,WHOLE ARM LOH,LoF LOH
EAC046,MAP3K1,p.A160Rfs*4,,FALSE,Driver,Unknown,SNV,MAP3K1 p.A160Rfs*4,FALSE,Unknown
EAC046,PIK3R1,p.K567E,,FALSE,Driver,LoF,SNV,PIK3R1 p.K567E,FALSE,LoF
EAC046,CARD11,p.R223Q,,FALSE,Driver,Unknown,SNV,CARD11 p.R223Q,FALSE,Unknown
EAC046,CDKN2A,p.T137Hfs*5,,FALSE,Driver,LoF,SNV,CDKN2A p.T137Hfs*5,FALSE,LoF
EAC046,ARID1A,p.G276Efs*87,,FALSE,Driver,LoF,SNV,ARID1A p.G276Efs*87,FALSE,LoF
EAC046,ARID1A,p.D1850Gfs*4,,FALSE,Driver,LoF,SNV,ARID1A p.D1850Gfs*4,FALSE,LoF
EAC046,ZFHX3,p.D939N,LOH,FALSE,Driver,Unknown,SNV,ZFHX3 p.D939N,LOH,Unknown LOH
EAC046,RNF43,p.G659Vfs*41,,FALSE,Driver,LoF,SNV,RNF43 p.G659Vfs*41,FALSE,LoF
EAC046,DNMT3A,p.R96W,,FALSE,Driver,Unknown,SNV,DNMT3A p.R96W,FALSE,Unknown
EAC046,BCOR,p.S336Rfs*42,NA,NA,Driver,LoF,SNV,BCOR p.S336Rfs*42,NA,LoF
EAC047,TP53,p.G245S,LOH,TRUE,Driver,LoF,SNV,TP53 p.G245S,LOH,LoF LOH
EAC047,KDM6A,p.W287*,NA,NA,Driver,LoF,SNV,KDM6A p.W287*,NA,LoF
EAC047,HNF1A,p.G292Rfs*25,COPY-NEUTRAL LOH,TRUE,Driver,LoF,SNV,HNF1A p.G292Rfs*25,COPY-NEUTRAL LOH,LoF LOH
EAC047,TGFBR2,p.R553C,,FALSE,Driver,LoF,SNV,TGFBR2 p.R553C,FALSE,LoF
EAC048,FGFR3,p.R605W,LOH,FALSE,Driver,Unknown,SNV,FGFR3 p.R605W,LOH,Unknown LOH
EAC048,SDHA,p.A449V,NA,FALSE,Driver,Unknown,SNV,SDHA p.A449V,FALSE,Unknown
EAC049,NTRK3,p.N372K,,FALSE,Driver,GoF,SNV,NTRK3 p.N372K,FALSE,GoF
EAC049,TP53,p.R248Gfs*97,LOH,TRUE,Driver,LoF,SNV,TP53 p.R248Gfs*97,LOH,LoF LOH
EAC049,APC,p.T1556Nfs*3,LOH,TRUE,Driver,LoF,SNV,APC p.T1556Nfs*3,LOH,LoF LOH
EAC050,NKX2-1,p.A336V,WHOLE ARM LOH,TRUE,Driver,Unknown,SNV,NKX2-1 p.A336V,WHOLE ARM LOH,Unknown LOH
EAC050,TP53,p.R306*,NA,TRUE,Driver,LoF,SNV,TP53 p.R306*,TRUE,LoF LOH
EAC050,SMARCB1,p.R383Q,WHOLE ARM LOH,TRUE,Driver,Unknown,SNV,SMARCB1 p.R383Q,WHOLE ARM LOH,Unknown LOH
EAC050,KMT2C,p.S2078*,,FALSE,Driver,LoF,SNV,KMT2C p.S2078*,FALSE,LoF
EAC051,PRDM2,p.P494L,LOH,FALSE,Driver,Unknown,SNV,PRDM2 p.P494L,LOH,Unknown LOH
EAC051,ATR,p.P358L,,FALSE,Driver,Unknown,SNV,ATR p.P358L,FALSE,Unknown
EAC051,SPEN,p.E2214K,,FALSE,Driver,Unknown,SNV,SPEN p.E2214K,FALSE,Unknown
EAC052,MTOR,p.E35K,,FALSE,Driver,Unknown,SNV,MTOR p.E35K,FALSE,Unknown
EAC052,RET,p.T742M,LOH,FALSE,Driver,Unknown,SNV,RET p.T742M,LOH,Unknown LOH
EAC053,TP53,p.C176Y,,FALSE,Driver,LoF,SNV,TP53 p.C176Y,FALSE,LoF
EAC053,TP53,p.R175H,,FALSE,Driver,LoF,SNV,TP53 p.R175H,FALSE,LoF
EAC053,ERBB2,p.R678Q,,FALSE,Driver,GoF,SNV,ERBB2 p.R678Q,FALSE,GoF
EAC054,KMT2A,p.D1578N,,FALSE,Driver,GoF,SNV,KMT2A p.D1578N,FALSE,GoF
EAC054,TP53,p.R273C,LOH,TRUE,Driver,LoF,SNV,TP53 p.R273C,LOH,LoF LOH
EAC054,ERBB4,p.F478V,,FALSE,Driver,LoF,SNV,ERBB4 p.F478V,FALSE,LoF
EAC054,CDKN2A,p.D84Y,LOH,TRUE,Driver,LoF,SNV,CDKN2A p.D84Y,LOH,LoF LOH
EAC055,TP53,p.C135Afs*35,LOH,TRUE,Driver,LoF,SNV,TP53 p.C135Afs*35,LOH,LoF LOH
EAC055,ARID1A,p.Q1512*,,FALSE,Driver,LoF,SNV,ARID1A p.Q1512*,FALSE,LoF
EAC056,SMAD4,p.G386D,WHOLE ARM LOH,TRUE,Driver,LoF,SNV,SMAD4 p.G386D,WHOLE ARM LOH,LoF LOH
EAC056,LRP1B,p.G4353A,LOH,FALSE,Driver,LoF,SNV,LRP1B p.G4353A,LOH,LoF LOH
EAC056,FANCD2,p.E472*,,FALSE,Driver,Unknown,SNV,FANCD2 p.E472*,FALSE,Unknown
EAC056,TP53,p.R273C,LOH,TRUE,Driver,LoF,SNV,TP53 p.R273C,LOH,LoF LOH
EAC057,PIK3CA,p.H1047L,LOH,TRUE,Driver,GoF,SNV,PIK3CA p.H1047L,LOH,GoF LOH
EAC057,NOTCH1,p.Q1763*,COPY-NEUTRAL LOH,TRUE,Driver,LoF,SNV,NOTCH1 p.Q1763*,COPY-NEUTRAL LOH,LoF LOH
EAC058,NOTCH2,p.Y1592H,,FALSE,Driver,Unknown,SNV,NOTCH2 p.Y1592H,FALSE,Unknown
EAC058,ARID1A,p.G2087V,LOH,TRUE,Driver,LoF,SNV,ARID1A p.G2087V,LOH,LoF LOH
EAC058,TP53,p.R175H,LOH,TRUE,Driver,LoF,SNV,TP53 p.R175H,LOH,LoF LOH
EAC059,ZFHX3,p.R2161Q,,FALSE,Driver,Unknown,SNV,ZFHX3 p.R2161Q,FALSE,Unknown
EAC059,TP53,p.E286K,LOH,TRUE,Driver,LoF,SNV,TP53 p.E286K,LOH,LoF LOH
EAC059,SMAD4,p.R361C,WHOLE ARM COPY-NEUTRAL LOH,TRUE,Driver,LoF,SNV,SMAD4 p.R361C,WHOLE ARM COPY-NEUTRAL LOH,LoF LOH
EAC060,ARID2,NA,,FALSE,Driver,LoF,SNV,ARID2 NA,FALSE,LoF
EAC060,PIK3CA,p.E542K,,FALSE,Driver,GoF,SNV,PIK3CA p.E542K,FALSE,GoF
EAC060,KMT2C,p.S2042*,COPY-NEUTRAL LOH,FALSE,Driver,LoF,SNV,KMT2C p.S2042*,COPY-NEUTRAL LOH,LoF LOH
EAC060,ARID1A,p.Q2070Sfs*65,,FALSE,Driver,LoF,SNV,ARID1A p.Q2070Sfs*65,FALSE,LoF
EAC060,TP53,p.E286Q,,FALSE,Driver,LoF,SNV,TP53 p.E286Q,FALSE,LoF
EAC061,FH,p.K230N,,FALSE,Driver,Unknown,SNV,FH p.K230N,FALSE,Unknown
EAC061,CDKN1B,p.G9R,,FALSE,Driver,Unknown,SNV,CDKN1B p.G9R,FALSE,Unknown
EAC061,TP53,p.Y220C,LOH,TRUE,Driver,LoF,SNV,TP53 p.Y220C,LOH,LoF LOH
EAC062,BRCA2,p.E2848*,,FALSE,Driver,Unknown,SNV,BRCA2 p.E2848*,FALSE,Unknown
EAC062,TP53,p.C275Y,COPY-NEUTRAL LOH,TRUE,Driver,LoF,SNV,TP53 p.C275Y,COPY-NEUTRAL LOH,LoF LOH
EAC062,ERBB2,p.R678Q,LOH,TRUE,Driver,GoF,SNV,ERBB2 p.R678Q,LOH,GoF LOH
EAC062,FBXW7,p.R658*,WHOLE ARM LOH,TRUE,Driver,LoF,SNV,FBXW7 p.R658*,WHOLE ARM LOH,LoF LOH
EAC062,NOTCH1,p.S458L,,FALSE,Driver,Unknown,SNV,NOTCH1 p.S458L,FALSE,Unknown
EAC020,SMARCA4,DEL,,,CNV,DEL,DEL,SMARCA4 Deletion,,DEL
EAC023,RUNX1,DEL,,,CNV,DEL,DEL,RUNX1 Deletion,,DEL
EAC024,RICTOR,AMP,,,CNV,AMP,AMP,RICTOR Amplification,,AMP
EAC024,FGFR4,AMP,,,CNV,AMP,AMP,FGFR4 Amplification,,AMP
EAC024,CARD11,AMP,,,CNV,AMP,AMP,CARD11 Amplification,,AMP
EAC024,RAC1,AMP,,,CNV,AMP,AMP,RAC1 Amplification,,AMP
EAC024,EGFR,AMP,,,CNV,AMP,AMP,EGFR Amplification,,AMP
EAC024,CDKN2A,DEL,,,CNV,DEL,DEL,CDKN2A Deletion,,DEL
EAC024,CDKN2B,DEL,,,CNV,DEL,DEL,CDKN2B Deletion,,DEL
EAC024,CCNE1,AMP,,,CNV,AMP,AMP,CCNE1 Amplification,,AMP
EAC024,AKT2,AMP,,,CNV,AMP,AMP,AKT2 Amplification,,AMP
EAC024,AXL,AMP,,,CNV,AMP,AMP,AXL Amplification,,AMP
EAC011,KRAS,AMP,,,CNV,AMP,AMP,KRAS Amplification,,AMP
EAC011,SMAD4,DEL,,,CNV,DEL,DEL,SMAD4 Deletion,,DEL
EAC054,MYCL,AMP,,,CNV,AMP,AMP,MYCL Amplification,,AMP
EAC054,RAF1,AMP,,,CNV,AMP,AMP,RAF1 Amplification,,AMP
EAC016,PDGFRA,AMP,,,CNV,AMP,AMP,PDGFRA Amplification,,AMP
EAC016,KIT,AMP,,,CNV,AMP,AMP,KIT Amplification,,AMP
EAC016,KDR,AMP,,,CNV,AMP,AMP,KDR Amplification,,AMP
EAC016,FAT1,DEL,,,CNV,DEL,DEL,FAT1 Deletion,,DEL
EAC016,RICTOR,AMP,,,CNV,AMP,AMP,RICTOR Amplification,,AMP
EAC016,CCND3,AMP,,,CNV,AMP,AMP,CCND3 Amplification,,AMP
EAC016,VEGFA,AMP,,,CNV,AMP,AMP,VEGFA Amplification,,AMP
EAC016,MYC,AMP,,,CNV,AMP,AMP,MYC Amplification,,AMP
EAC016,AURKA,AMP,,,CNV,AMP,AMP,AURKA Amplification,,AMP
EAC031,PIK3CA,AMP,,,CNV,AMP,AMP,PIK3CA Amplification,,AMP
EAC031,RICTOR,AMP,,,CNV,AMP,AMP,RICTOR Amplification,,AMP
EAC031,CDK6,AMP,,,CNV,AMP,AMP,CDK6 Amplification,,AMP
EAC031,CDKN2A,DEL,,,CNV,DEL,DEL,CDKN2A Deletion,,DEL
EAC031,CDKN2B,DEL,,,CNV,DEL,DEL,CDKN2B Deletion,,DEL
EAC031,KRAS,AMP,,,CNV,AMP,AMP,KRAS Amplification,,AMP
EAC038,VEGFA,AMP,,,CNV,AMP,AMP,VEGFA Amplification,,AMP
EAC047,EGFR,AMP,,,CNV,AMP,AMP,EGFR Amplification,,AMP
EAC047,CDK6,AMP,,,CNV,AMP,AMP,CDK6 Amplification,,AMP
EAC051,MCL1,AMP,,,CNV,AMP,AMP,MCL1 Amplification,,AMP
EAC051,PDGFRA,AMP,,,CNV,AMP,AMP,PDGFRA Amplification,,AMP
EAC051,KIT,AMP,,,CNV,AMP,AMP,KIT Amplification,,AMP
EAC051,KDR,AMP,,,CNV,AMP,AMP,KDR Amplification,,AMP
EAC051,MYC,AMP,,,CNV,AMP,AMP,MYC Amplification,,AMP
EAC051,ERBB3,AMP,,,CNV,AMP,AMP,ERBB3 Amplification,,AMP
EAC051,CDK4,AMP,,,CNV,AMP,AMP,CDK4 Amplification,,AMP
EAC051,MDM2,AMP,,,CNV,AMP,AMP,MDM2 Amplification,,AMP
EAC051,ERBB2,AMP,,,CNV,AMP,AMP,ERBB2 Amplification,,AMP
EAC001,EGFR,AMP,,,CNV,AMP,AMP,EGFR Amplification,,AMP
EAC001,CDK6,AMP,,,CNV,AMP,AMP,CDK6 Amplification,,AMP
EAC001,CCND1,AMP,,,CNV,AMP,AMP,CCND1 Amplification,,AMP
EAC001,FGF19,AMP,,,CNV,AMP,AMP,FGF19 Amplification,,AMP
EAC001,CCNE1,AMP,,,CNV,AMP,AMP,CCNE1 Amplification,,AMP
EAC022,TERT,AMP,,,CNV,AMP,AMP,TERT Amplification,,AMP
EAC022,RICTOR,AMP,,,CNV,AMP,AMP,RICTOR Amplification,,AMP
EAC022,MYC,AMP,,,CNV,AMP,AMP,MYC Amplification,,AMP
EAC022,CDKN2A,DEL,,,CNV,DEL,DEL,CDKN2A Deletion,,DEL
EAC022,CDKN2B,DEL,,,CNV,DEL,DEL,CDKN2B Deletion,,DEL
EAC022,KDM5A,AMP,,,CNV,AMP,AMP,KDM5A Amplification,,AMP
EAC022,CDK8,AMP,,,CNV,AMP,AMP,CDK8 Amplification,,AMP
EAC022,CCNE1,AMP,,,CNV,AMP,AMP,CCNE1 Amplification,,AMP
EAC022,AKT2,AMP,,,CNV,AMP,AMP,AKT2 Amplification,,AMP
EAC022,AXL,AMP,,,CNV,AMP,AMP,AXL Amplification,,AMP
EAC022,SRC,AMP,,,CNV,AMP,AMP,SRC Amplification,,AMP
EAC022,AURKA,AMP,,,CNV,AMP,AMP,AURKA Amplification,,AMP
EAC033,KEAP1,DEL,,,CNV,DEL,DEL,KEAP1 Deletion,,DEL
EAC061,MYC,AMP,,,CNV,AMP,AMP,MYC Amplification,,AMP
EAC061,CCND1,AMP,,,CNV,AMP,AMP,CCND1 Amplification,,AMP
EAC061,KRAS,AMP,,,CNV,AMP,AMP,KRAS Amplification,,AMP
EAC062,MDM4,AMP,,,CNV,AMP,AMP,MDM4 Amplification,,AMP
EAC062,RICTOR,AMP,,,CNV,AMP,AMP,RICTOR Amplification,,AMP
EAC062,FGFR2,AMP,,,CNV,AMP,AMP,FGFR2 Amplification,,AMP
EAC004,CDKN2A,DEL,,,CNV,DEL,DEL,CDKN2A Deletion,,DEL
EAC004,CDKN2B,DEL,,,CNV,DEL,DEL,CDKN2B Deletion,,DEL
EAC005,KRAS,AMP,,,CNV,AMP,AMP,KRAS Amplification,,AMP
EAC005,SRC,AMP,,,CNV,AMP,AMP,SRC Amplification,,AMP
EAC005,AURKA,AMP,,,CNV,AMP,AMP,AURKA Amplification,,AMP
EAC006,EPHA3,DEL,,,CNV,DEL,DEL,EPHA3 Deletion,,DEL
EAC006,CCND3,AMP,,,CNV,AMP,AMP,CCND3 Amplification,,AMP
EAC006,VEGFA,AMP,,,CNV,AMP,AMP,VEGFA Amplification,,AMP
EAC006,CDK6,AMP,,,CNV,AMP,AMP,CDK6 Amplification,,AMP
EAC006,ERBB2,AMP,,,CNV,AMP,AMP,ERBB2 Amplification,,AMP
EAC007,EGFR,AMP,,,CNV,AMP,AMP,EGFR Amplification,,AMP
EAC007,CDK8,AMP,,,CNV,AMP,AMP,CDK8 Amplification,,AMP
EAC007,SRC,AMP,,,CNV,AMP,AMP,SRC Amplification,,AMP
EAC008,CDKN2A,DEL,,,CNV,DEL,DEL,CDKN2A Deletion,,DEL
EAC008,CDKN2B,DEL,,,CNV,DEL,DEL,CDKN2B Deletion,,DEL
EAC008,KRAS,AMP,,,CNV,AMP,AMP,KRAS Amplification,,AMP
EAC008,ERBB3,AMP,,,CNV,AMP,AMP,ERBB3 Amplification,,AMP
EAC008,CDK4,AMP,,,CNV,AMP,AMP,CDK4 Amplification,,AMP
EAC008,MDM2,AMP,,,CNV,AMP,AMP,MDM2 Amplification,,AMP
EAC009,MCL1,AMP,,,CNV,AMP,AMP,MCL1 Amplification,,AMP
EAC009,NTRK1,AMP,,,CNV,AMP,AMP,NTRK1 Amplification,,AMP
EAC009,DDR2,AMP,,,CNV,AMP,AMP,DDR2 Amplification,,AMP
EAC009,CCND3,AMP,,,CNV,AMP,AMP,CCND3 Amplification,,AMP
EAC009,VEGFA,AMP,,,CNV,AMP,AMP,VEGFA Amplification,,AMP
EAC009,CARD11,AMP,,,CNV,AMP,AMP,CARD11 Amplification,,AMP
EAC009,RAC1,AMP,,,CNV,AMP,AMP,RAC1 Amplification,,AMP
EAC009,EGFR,AMP,,,CNV,AMP,AMP,EGFR Amplification,,AMP
EAC009,CDK6,AMP,,,CNV,AMP,AMP,CDK6 Amplification,,AMP
EAC009,MET,AMP,,,CNV,AMP,AMP,MET Amplification,,AMP
EAC009,BRAF,AMP,,,CNV,AMP,AMP,BRAF Amplification,,AMP
EAC009,EZH2,AMP,,,CNV,AMP,AMP,EZH2 Amplification,,AMP
EAC009,BMPR1A,DEL,,,CNV,DEL,DEL,BMPR1A Deletion,,DEL
EAC009,CCND1,AMP,,,CNV,AMP,AMP,CCND1 Amplification,,AMP
EAC009,FGF19,AMP,,,CNV,AMP,AMP,FGF19 Amplification,,AMP
EAC009,SRC,AMP,,,CNV,AMP,AMP,SRC Amplification,,AMP
EAC009,AURKA,AMP,,,CNV,AMP,AMP,AURKA Amplification,,AMP
EAC010,FAT1,DEL,,,CNV,DEL,DEL,FAT1 Deletion,,DEL
EAC012,TERT,AMP,,,CNV,AMP,AMP,TERT Amplification,,AMP
EAC012,ERBB2,AMP,,,CNV,AMP,AMP,ERBB2 Amplification,,AMP
EAC013,MYC,AMP,,,CNV,AMP,AMP,MYC Amplification,,AMP
EAC013,FGFR2,AMP,,,CNV,AMP,AMP,FGFR2 Amplification,,AMP
EAC013,CDK8,AMP,,,CNV,AMP,AMP,CDK8 Amplification,,AMP
EAC014,MYC,AMP,,,CNV,AMP,AMP,MYC Amplification,,AMP
EAC014,CCND1,AMP,,,CNV,AMP,AMP,CCND1 Amplification,,AMP
EAC014,FGF19,AMP,,,CNV,AMP,AMP,FGF19 Amplification,,AMP
EAC014,ERBB2,AMP,,,CNV,AMP,AMP,ERBB2 Amplification,,AMP
EAC015,CDKN2A,DEL,,,CNV,DEL,DEL,CDKN2A Deletion,,DEL
EAC015,CDKN2B,DEL,,,CNV,DEL,DEL,CDKN2B Deletion,,DEL
EAC015,CCND1,AMP,,,CNV,AMP,AMP,CCND1 Amplification,,AMP
EAC015,FGF19,AMP,,,CNV,AMP,AMP,FGF19 Amplification,,AMP
EAC015,MDM2,AMP,,,CNV,AMP,AMP,MDM2 Amplification,,AMP
EAC019,CDH1,DEL,,,CNV,DEL,DEL,CDH1 Deletion,,DEL
EAC019,TP53,DEL,,,CNV,DEL,DEL,TP53 Deletion,,DEL
EAC019,PIK3R2,DEL,,,CNV,DEL,DEL,PIK3R2 Deletion,,DEL
EAC021,EGFR,AMP,,,CNV,AMP,AMP,EGFR Amplification,,AMP
EAC021,CCND1,AMP,,,CNV,AMP,AMP,CCND1 Amplification,,AMP
EAC021,FGF19,AMP,,,CNV,AMP,AMP,FGF19 Amplification,,AMP
EAC021,KRAS,AMP,,,CNV,AMP,AMP,KRAS Amplification,,AMP
EAC025,TSC2,DEL,,,CNV,DEL,DEL,TSC2 Deletion,,DEL
EAC025,ERBB2,AMP,,,CNV,AMP,AMP,ERBB2 Amplification,,AMP
EAC027,FGFR4,AMP,,,CNV,AMP,AMP,FGFR4 Amplification,,AMP
EAC027,MYC,AMP,,,CNV,AMP,AMP,MYC Amplification,,AMP
EAC027,CCNE1,AMP,,,CNV,AMP,AMP,CCNE1 Amplification,,AMP
EAC028,SMAD4,DEL,,,CNV,DEL,DEL,SMAD4 Deletion,,DEL
EAC030,CDK4,AMP,,,CNV,AMP,AMP,CDK4 Amplification,,AMP
EAC030,ERBB2,AMP,,,CNV,AMP,AMP,ERBB2 Amplification,,AMP
EAC032,MYC,AMP,,,CNV,AMP,AMP,MYC Amplification,,AMP
EAC032,KRAS,AMP,,,CNV,AMP,AMP,KRAS Amplification,,AMP
EAC032,TP53,DEL,,,CNV,DEL,DEL,TP53 Deletion,,DEL
EAC032,ERBB2,AMP,,,CNV,AMP,AMP,ERBB2 Amplification,,AMP
EAC032,CCNE1,AMP,,,CNV,AMP,AMP,CCNE1 Amplification,,AMP
EAC034,EGFR,AMP,,,CNV,AMP,AMP,EGFR Amplification,,AMP
EAC034,MYC,AMP,,,CNV,AMP,AMP,MYC Amplification,,AMP
EAC035,MYCN,AMP,,,CNV,AMP,AMP,MYCN Amplification,,AMP
EAC035,ALK,AMP,,,CNV,AMP,AMP,ALK Amplification,,AMP
EAC035,EGFR,AMP,,,CNV,AMP,AMP,EGFR Amplification,,AMP
EAC035,CDK6,AMP,,,CNV,AMP,AMP,CDK6 Amplification,,AMP
EAC035,MYC,AMP,,,CNV,AMP,AMP,MYC Amplification,,AMP
EAC035,KRAS,AMP,,,CNV,AMP,AMP,KRAS Amplification,,AMP
EAC036,KMT2D,DEL,,,CNV,DEL,DEL,KMT2D Deletion,,DEL
EAC039,CDK6,AMP,,,CNV,AMP,AMP,CDK6 Amplification,,AMP
EAC039,KRAS,AMP,,,CNV,AMP,AMP,KRAS Amplification,,AMP
EAC045,AKT3,AMP,,,CNV,AMP,AMP,AKT3 Amplification,,AMP
EAC045,FGFR2,AMP,,,CNV,AMP,AMP,FGFR2 Amplification,,AMP
EAC045,MDM2,AMP,,,CNV,AMP,AMP,MDM2 Amplification,,AMP
EAC045,CREBBP,DEL,,,CNV,DEL,DEL,CREBBP Deletion,,DEL
EAC045,CCNE1,AMP,,,CNV,AMP,AMP,CCNE1 Amplification,,AMP
EAC045,AKT2,AMP,,,CNV,AMP,AMP,AKT2 Amplification,,AMP
EAC045,AXL,AMP,,,CNV,AMP,AMP,AXL Amplification,,AMP
EAC048,RICTOR,AMP,,,CNV,AMP,AMP,RICTOR Amplification,,AMP
EAC048,MYC,AMP,,,CNV,AMP,AMP,MYC Amplification,,AMP
EAC049,CCND3,AMP,,,CNV,AMP,AMP,CCND3 Amplification,,AMP
EAC049,VEGFA,AMP,,,CNV,AMP,AMP,VEGFA Amplification,,AMP
EAC049,CARD11,AMP,,,CNV,AMP,AMP,CARD11 Amplification,,AMP
EAC049,EGFR,AMP,,,CNV,AMP,AMP,EGFR Amplification,,AMP
EAC049,ERBB2,AMP,,,CNV,AMP,AMP,ERBB2 Amplification,,AMP
EAC049,SRC,AMP,,,CNV,AMP,AMP,SRC Amplification,,AMP
EAC050,MCL1,AMP,,,CNV,AMP,AMP,MCL1 Amplification,,AMP
EAC050,CARD11,AMP,,,CNV,AMP,AMP,CARD11 Amplification,,AMP
EAC050,RAC1,AMP,,,CNV,AMP,AMP,RAC1 Amplification,,AMP
EAC050,EGFR,AMP,,,CNV,AMP,AMP,EGFR Amplification,,AMP
EAC050,KDM5A,AMP,,,CNV,AMP,AMP,KDM5A Amplification,,AMP
EAC053,KRAS,AMP,,,CNV,AMP,AMP,KRAS Amplification,,AMP
EAC055,EGFR,AMP,,,CNV,AMP,AMP,EGFR Amplification,,AMP
EAC055,CDK6,AMP,,,CNV,AMP,AMP,CDK6 Amplification,,AMP
EAC055,SRC,AMP,,,CNV,AMP,AMP,SRC Amplification,,AMP
EAC055,AURKA,AMP,,,CNV,AMP,AMP,AURKA Amplification,,AMP
EAC059,CDKN2A,DEL,,,CNV,DEL,DEL,CDKN2A Deletion,,DEL
EAC059,CDKN2B,DEL,,,CNV,DEL,DEL,CDKN2B Deletion,,DEL
EAC059,ERBB2,AMP,,,CNV,AMP,AMP,ERBB2 Amplification,,AMP
EAC060,CDK6,AMP,,,CNV,AMP,AMP,CDK6 Amplification,,AMP
