L1	Gene	Mut	loh	gene_loh	Driver	Cons	Vtype	value	loh_combined	ConsB	Pathway
EAC001	TP53	p.R213*	LOH	TRUE	Driver	LoF	SNV	TP53 p.R213*	LOH	Loss-of-function + LOH	TP53
EAC002	TP53	p.C238Y	COPY-NEUTRAL LOH	TRUE	Driver	LoF	SNV	TP53 p.C238Y	COPY-NEUTRAL LOH	Loss-of-function + LOH	TP53
EAC002	SMAD4	p.R361H	WHOLE ARM LOH	TRUE	Driver	LoF	SNV	SMAD4 p.R361H	WHOLE ARM LOH	Loss-of-function + LOH	Wnt
EAC002	PIK3CA	p.E542K		FALSE	Driver	GoF	SNV	PIK3CA p.E542K	FALSE	Gain-of-function + CNV	RTK
EAC002	KMT2D	p.R2095H		FALSE	Driver	LoF	SNV	KMT2D p.R2095H	FALSE	Loss-of-function + LOH	Histone
EAC003	SOS1	p.L343R		FALSE	Driver	Unknown	SNV	SOS1 p.L343R	FALSE	Unknown Mut LOH	FGF
EAC003	SMARCB1	p.R52S		FALSE	Driver	Unknown	SNV	SMARCB1 p.R52S	FALSE	Unknown Mut LOH	NA
EAC003	AMER1	p.S895Y	NA	NA	Driver	Unknown	SNV	AMER1 p.S895Y	NA	Unknown Mut	NA
EAC003	USP8	p.R763W		FALSE	Driver	GoF	SNV	USP8 p.R763W	FALSE	Gain-of-function + CNV	NA
EAC003	USP8	p.N764K		FALSE	Driver	GoF	SNV	USP8 p.N764K	FALSE	Gain-of-function + CNV	NA
EAC003	STAT3	p.M123V		FALSE	Driver	Unknown	SNV	STAT3 p.M123V	FALSE	Unknown Mut LOH	JAK-STAT
EAC004	MITF	p.R347C	COPY-NEUTRAL LOH	TRUE	Driver	Unknown	SNV	MITF p.R347C	COPY-NEUTRAL LOH	Unknown Mut LOH	NA
EAC004	PIK3CA	p.E545K	LOH	TRUE	Driver	GoF	SNV	PIK3CA p.E545K	LOH	Gain-of-function + CNV	RTK
EAC004	TP53	p.R282W	COPY-NEUTRAL LOH	TRUE	Driver	LoF	SNV	TP53 p.R282W	COPY-NEUTRAL LOH	Loss-of-function + LOH	TP53
EAC005	TP53	p.Y103*	LOH	TRUE	Driver	LoF	SNV	TP53 p.Y103*	LOH	Loss-of-function + LOH	TP53
EAC006	TP53	p.C141Y	LOH	TRUE	Driver	LoF	SNV	TP53 p.C141Y	LOH	Loss-of-function + LOH	TP53
EAC006	NOTCH1	p.A1562P		FALSE	Driver	Unknown	SNV	NOTCH1 p.A1562P	FALSE	Unknown Mut LOH	NA
EAC006	CDKN2A	p.D74Y	LOH	TRUE	Driver	LoF	SNV	CDKN2A p.D74Y	LOH	Loss-of-function + LOH	CellCycle
EAC007	MGMT	p.G184R	NA	FALSE	Driver	Unknown	SNV	MGMT p.G184R	FALSE	Unknown Mut LOH	DDR
EAC007	TSC2	p.S726F	LOH	TRUE	Driver	Unknown	SNV	TSC2 p.S726F	LOH	Unknown Mut LOH	MTOR
EAC007	TP53	p.Q331Hfs*15	COPY-NEUTRAL LOH	TRUE	Driver	LoF	SNV	TP53 p.Q331Hfs*15	COPY-NEUTRAL LOH	Loss-of-function + LOH	TP53
EAC007	PIK3CA	p.R93W	LOH	TRUE	Driver	GoF	SNV	PIK3CA p.R93W	LOH	Gain-of-function + CNV	RTK
EAC007	RAD50	p.R193W	COPY-NEUTRAL LOH	TRUE	Driver	Unknown	SNV	RAD50 p.R193W	COPY-NEUTRAL LOH	Unknown Mut LOH	DDR
EAC008	KRAS	p.G12V	NA	NA	Driver	GoF	SNV AMP	KRAS p.G12V	NA	GoF	RTK
EAC008	SMAD4	p.C363Y	LOH	TRUE	Driver	LoF	SNV	SMAD4 p.C363Y	LOH	Loss-of-function + LOH	Wnt
EAC008	ATRX	p.S797*	NA	NA	Driver	LoF	SNV	ATRX p.S797*	NA	LoF	NA
EAC008	USP8	p.T785A		TRUE	Driver	GoF	SNV	USP8 p.T785A	TRUE	Gain-of-function + CNV	NA
EAC008	CHEK2	p.K416E	WHOLE ARM COPY-NEUTRAL LOH	TRUE	Driver	LoF	SNV	CHEK2 p.K416E	WHOLE ARM COPY-NEUTRAL LOH	Loss-of-function + LOH	TP53
EAC008	FBXW7	p.R278*		FALSE	Driver	LoF	SNV	FBXW7 p.R278*	FALSE	Loss-of-function + LOH	Wnt
EAC008	MYC	p.A391D	LOH	FALSE	Driver	Unknown	SNV	MYC p.A391D	LOH	Unknown Mut LOH	Wnt
EAC009	TP53	p.G266E	WHOLE ARM COPY-NEUTRAL LOH	TRUE	Driver	LoF	SNV	TP53 p.G266E	WHOLE ARM COPY-NEUTRAL LOH	Loss-of-function + LOH	TP53
EAC009	SMAD2	p.S464*	WHOLE ARM COPY-NEUTRAL LOH	TRUE	Driver	LoF	SNV	SMAD2 p.S464*	WHOLE ARM COPY-NEUTRAL LOH	Loss-of-function + LOH	Wnt
EAC010	TP53	p.R273H		TRUE	Driver	LoF	SNV	TP53 p.R273H	TRUE	Loss-of-function + LOH	TP53
EAC010	TP53	p.Q104*		TRUE	Driver	LoF	SNV	TP53 p.Q104*	TRUE	Loss-of-function + LOH	TP53
EAC010	BRCA1	p.A1729V		FALSE	Driver	Unknown	SNV	BRCA1 p.A1729V	FALSE	Unknown Mut LOH	DDR
EAC010	LRP1B	p.F3355C		TRUE	Driver	LoF	SNV	LRP1B p.F3355C	TRUE	Loss-of-function + LOH	Novel
EAC011	HNF1A	p.G292Rfs*25		TRUE	Driver	LoF	SNV	HNF1A p.G292Rfs*25	TRUE	Loss-of-function + LOH	NA
EAC011	TP53	p.E221*		TRUE	Driver	LoF	SNV	TP53 p.E221*	TRUE	Loss-of-function + LOH	TP53
EAC011	IKZF1	p.R386C	LOH	FALSE	Driver	Unknown	SNV	IKZF1 p.R386C	LOH	Unknown Mut LOH	Novel
EAC012	TP53	p.T155N	COPY-NEUTRAL LOH	TRUE	Driver	LoF	SNV	TP53 p.T155N	COPY-NEUTRAL LOH	Loss-of-function + LOH	TP53
EAC012	CDKN2A	p.R112Pfs*8	WHOLE ARM LOH	TRUE	Driver	LoF	SNV	CDKN2A p.R112Pfs*8	WHOLE ARM LOH	Loss-of-function + LOH	CellCycle
EAC013	ARID2	p.T1180M		TRUE	Driver	LoF	SNV	ARID2 p.T1180M	TRUE	Loss-of-function + LOH	Histone
EAC013	SMAD4	p.R361H	LOH	TRUE	Driver	LoF	SNV	SMAD4 p.R361H	LOH	Loss-of-function + LOH	Wnt
EAC013	EP300	p.H2324Pfs*55		FALSE	Driver	LoF	SNV	EP300 p.H2324Pfs*55	FALSE	Loss-of-function + LOH	NA
EAC013	FGFR2	p.R203C	LOH	TRUE	Driver	Unknown	SNV AMP	FGFR2 p.R203C	LOH	Unknown Mut LOH	FGF
EAC013	MGMT	p.G184R		FALSE	Driver	Unknown	SNV	MGMT p.G184R	FALSE	Unknown Mut LOH	DDR
EAC013	ZFHX3	p.P3598Lfs*96	LOH	FALSE	Driver	LoF	SNV	ZFHX3 p.P3598Lfs*96	LOH	Loss-of-function + LOH	NA
EAC013	ZFHX3	p.E2412*	LOH	FALSE	Driver	Unknown	SNV	ZFHX3 p.E2412*	LOH	Unknown Mut LOH	NA
EAC013	TP53	p.R282W	LOH	TRUE	Driver	LoF	SNV	TP53 p.R282W	LOH	Loss-of-function + LOH	TP53
EAC013	RNF43	p.G659Vfs*41	LOH	TRUE	Driver	LoF	SNV	RNF43 p.G659Vfs*41	LOH	Loss-of-function + LOH	NA
EAC013	PIK3CA	p.R93W	WHOLE ARM COPY-NEUTRAL LOH	TRUE	Driver	GoF	SNV	PIK3CA p.R93W	WHOLE ARM COPY-NEUTRAL LOH	Gain-of-function + CNV	RTK
EAC013	RAD50	p.R193W		FALSE	Driver	Unknown	SNV	RAD50 p.R193W	FALSE	Unknown Mut LOH	DDR
EAC014	TP53	p.V272M		TRUE	Driver	LoF	SNV	TP53 p.V272M	TRUE	Loss-of-function + LOH	TP53
EAC014	KMT2D	p.W5065*		FALSE	Driver	LoF	SNV	KMT2D p.W5065*	FALSE	Loss-of-function + LOH	Histone
EAC015	ERBB3	p.K329R		FALSE	Driver	Unknown	SNV	ERBB3 p.K329R	FALSE	Unknown Mut LOH	HER2
EAC016	SPEN	p.E2214Afs*11		FALSE	Driver	LoF	SNV	SPEN p.E2214Afs*11	FALSE	Loss-of-function + LOH	Novel
EAC016	ARID2	p.Q917*		FALSE	Driver	LoF	SNV	ARID2 p.Q917*	FALSE	Loss-of-function + LOH	Histone
EAC016	ARID2	NA		FALSE	Driver	LoF	SNV	ARID2 NA	FALSE	Loss-of-function + LOH	Histone
EAC016	TP53	p.N29Tfs*15	LOH	TRUE	Driver	LoF	SNV	TP53 p.N29Tfs*15	LOH	Loss-of-function + LOH	TP53
EAC016	AR	p.K718T	NA	NA	Driver	Unknown	SNV	AR p.K718T	NA	Unknown Mut	NA
EAC016	HNF1A	p.G292Rfs*25	LOH	TRUE	Driver	LoF	SNV	HNF1A p.G292Rfs*25	LOH	Loss-of-function + LOH	NA
EAC016	USP8	p.R763W		FALSE	Driver	GoF	SNV	USP8 p.R763W	FALSE	Gain-of-function + CNV	NA
EAC017	ARID1A	p.P1326Rfs*155		FALSE	Driver	LoF	SNV	ARID1A p.P1326Rfs*155	FALSE	Loss-of-function + LOH	Histone
EAC017	ARID1A	p.F1941Lfs*15		FALSE	Driver	LoF	SNV	ARID1A p.F1941Lfs*15	FALSE	Loss-of-function + LOH	Histone
EAC017	JAK1	p.L431Vfs*22		FALSE	Driver	LoF	SNV	JAK1 p.L431Vfs*22	FALSE	Loss-of-function + LOH	JAK-STAT
EAC017	RB1	p.H673Y	COPY-NEUTRAL LOH	FALSE	Driver	LoF	SNV	RB1 p.H673Y	COPY-NEUTRAL LOH	Loss-of-function + LOH	CellCycle
EAC017	HIF1A	p.T198A		FALSE	Driver	Unknown	SNV	HIF1A p.T198A	FALSE	Unknown Mut LOH	NA
EAC017	CREBBP	p.R1664C		FALSE	Driver	LoF	SNV	CREBBP p.R1664C	FALSE	Loss-of-function + LOH	NA
EAC017	CREBBP	p.P1423Lfs*36		FALSE	Driver	LoF	SNV	CREBBP p.P1423Lfs*36	FALSE	Loss-of-function + LOH	NA
EAC017	CREBBP	p.I1084Sfs*15		FALSE	Driver	LoF	SNV	CREBBP p.I1084Sfs*15	FALSE	Loss-of-function + LOH	NA
EAC017	TP53	p.K382Nfs*40		FALSE	Driver	LoF	SNV	TP53 p.K382Nfs*40	FALSE	Loss-of-function + LOH	TP53
EAC017	EPAS1	p.S159Afs*12	LOH	FALSE	Driver	LoF	SNV	EPAS1 p.S159Afs*12	LOH	Loss-of-function + LOH	NA
EAC017	MSH2	p.A230Lfs*16		FALSE	Driver	LoF	SNV	MSH2 p.A230Lfs*16	FALSE	Loss-of-function + LOH	DDR
EAC017	LRP1B	p.E1085G	LOH	TRUE	Driver	LoF	SNV	LRP1B p.E1085G	LOH	Loss-of-function + LOH	Novel
EAC017	RUNX1	p.R201*		FALSE	Driver	LoF	SNV	RUNX1 p.R201*	FALSE	Loss-of-function + LOH	NA
EAC017	EP300	p.H2324Pfs*55		FALSE	Driver	LoF	SNV	EP300 p.H2324Pfs*55	FALSE	Loss-of-function + LOH	NA
EAC017	GATA2	p.G392V		FALSE	Driver	Unknown	SNV	GATA2 p.G392V	FALSE	Unknown Mut LOH	NA
EAC017	GATA2	p.R337*		FALSE	Driver	GoF	SNV	GATA2 p.R337*	FALSE	Gain-of-function + CNV	NA
EAC017	MAP3K1	NA		FALSE	Driver	Unknown	SNV	MAP3K1 NA	FALSE	Unknown Mut LOH	NA
EAC017	IKZF1	p.S402I	LOH	FALSE	Driver	Unknown	SNV	IKZF1 p.S402I	LOH	Unknown Mut LOH	Novel
EAC017	AMER1	p.R358*	NA	NA	Driver	LoF	SNV	AMER1 p.R358*	NA	LoF	NA
EAC017	ARID1A	p.D1850Tfs*33		FALSE	Driver	LoF	SNV	ARID1A p.D1850Tfs*33	FALSE	Loss-of-function + LOH	Histone
EAC017	KMT2D	p.Q3736*		FALSE	Driver	LoF	SNV	KMT2D p.Q3736*	FALSE	Loss-of-function + LOH	Histone
EAC017	RNF43	p.G659Vfs*41		FALSE	Driver	LoF	SNV	RNF43 p.G659Vfs*41	FALSE	Loss-of-function + LOH	NA
EAC017	GNA11	p.R183H		FALSE	Driver	Unknown	SNV	GNA11 p.R183H	FALSE	Unknown Mut LOH	NA
EAC017	PIK3R2	p.G373R		FALSE	Driver	LoF	SNV	PIK3R2 p.G373R	FALSE	Loss-of-function + LOH	NA
EAC017	BCOR	p.S336Lfs*45	NA	NA	Driver	LoF	SNV	BCOR p.S336Lfs*45	NA	LoF	NA
EAC018	JAK1	p.P430Rfs*2		FALSE	Driver	LoF	SNV	JAK1 p.P430Rfs*2	FALSE	Loss-of-function + LOH	JAK-STAT
EAC018	RNF43	p.R225Afs*194		FALSE	Driver	LoF	SNV	RNF43 p.R225Afs*194	FALSE	Loss-of-function + LOH	NA
EAC018	LRP1B	p.T362I		FALSE	Driver	LoF	SNV	LRP1B p.T362I	FALSE	Loss-of-function + LOH	Novel
EAC018	SF3B1	p.V1169I		FALSE	Driver	Unknown	SNV	SF3B1 p.V1169I	FALSE	Unknown Mut LOH	NA
EAC018	NBN	p.A313V	COPY-NEUTRAL LOH	FALSE	Driver	Unknown	SNV	NBN p.A313V	COPY-NEUTRAL LOH	Unknown Mut LOH	NA
EAC018	ARID1A	p.S744*		FALSE	Driver	LoF	SNV	ARID1A p.S744*	FALSE	Loss-of-function + LOH	Histone
EAC018	ARID1A	p.N2059Tfs*76		FALSE	Driver	LoF	SNV	ARID1A p.N2059Tfs*76	FALSE	Loss-of-function + LOH	Histone
EAC018	BAX	p.E41Rfs*19		FALSE	Driver	LoF	SNV	BAX p.E41Rfs*19	FALSE	Loss-of-function + LOH	NA
EAC018	PIK3CA	p.H1047R		FALSE	Driver	GoF	SNV	PIK3CA p.H1047R	FALSE	Gain-of-function + CNV	RTK
EAC018	FGFR4	p.G254R		FALSE	Driver	Unknown	SNV	FGFR4 p.G254R	FALSE	Unknown Mut LOH	FGF
EAC018	KAT6A	p.R867C		FALSE	Driver	GoF	SNV	KAT6A p.R867C	FALSE	Gain-of-function + CNV	Histone
EAC019	LRP1B	p.N3683I	LOH	FALSE	Driver	LoF	SNV	LRP1B p.N3683I	LOH	Loss-of-function + LOH	Novel
EAC019	LRP1B	p.R2138*	LOH	FALSE	Driver	LoF	SNV	LRP1B p.R2138*	LOH	Loss-of-function + LOH	Novel
EAC019	TP53	NA	LOH	TRUE	Driver	LoF	SNV DEL	TP53 NA	LOH	Loss-of-function + LOH	TP53
EAC019	BCORL1	p.E588*	NA	NA	Driver	Unknown	SNV	BCORL1 p.E588*	NA	Unknown Mut	NA
EAC020	TP53	p.P152L	COPY-NEUTRAL LOH	TRUE	Driver	LoF	SNV	TP53 p.P152L	COPY-NEUTRAL LOH	Loss-of-function + LOH	TP53
EAC020	GNAQ	p.T96S	WHOLE ARM LOH	TRUE	Driver	GoF	SNV	GNAQ p.T96S	WHOLE ARM LOH	Gain-of-function + CNV	NA
EAC021	ERBB3	p.H228R	LOH	FALSE	Driver	Unknown	SNV	ERBB3 p.H228R	LOH	Unknown Mut LOH	HER2
EAC021	TP53	p.S127F	LOH	TRUE	Driver	LoF	SNV	TP53 p.S127F	LOH	Loss-of-function + LOH	TP53
EAC022	TP53	p.A138P	LOH	TRUE	Driver	LoF	SNV	TP53 p.A138P	LOH	Loss-of-function + LOH	TP53
EAC023	NTRK3	p.K746T		TRUE	Driver	GoF	SNV	NTRK3 p.K746T	TRUE	Gain-of-function + CNV	NA
EAC023	TP53	p.R273C	COPY-NEUTRAL LOH	TRUE	Driver	LoF	SNV	TP53 p.R273C	COPY-NEUTRAL LOH	Loss-of-function + LOH	TP53
EAC023	TP53	p.R213Q	COPY-NEUTRAL LOH	TRUE	Driver	LoF	SNV	TP53 p.R213Q	COPY-NEUTRAL LOH	Loss-of-function + LOH	TP53
EAC023	CTNNB1	p.N387K		TRUE	Driver	Unknown	SNV	CTNNB1 p.N387K	TRUE	Unknown Mut LOH	Wnt
EAC024	DNMT3A	p.R736C		FALSE	Driver	Unknown	SNV	DNMT3A p.R736C	FALSE	Unknown Mut LOH	NA
EAC025	TP53	p.R306*	NA	TRUE	Driver	LoF	SNV	TP53 p.R306*	TRUE	Loss-of-function + LOH	TP53
EAC025	KDM6A	p.Q596*	NA	NA	Driver	LoF	SNV	KDM6A p.Q596*	NA	LoF	NA
EAC026	SPEN	p.N2053Tfs*11		TRUE	Driver	LoF	SNV	SPEN p.N2053Tfs*11	TRUE	Loss-of-function + LOH	Novel
EAC026	JAK1	p.P430Rfs*2		TRUE	Driver	LoF	SNV	JAK1 p.P430Rfs*2	TRUE	Loss-of-function + LOH	JAK-STAT
EAC026	MGMT	p.A114G		FALSE	Driver	Unknown	SNV	MGMT p.A114G	FALSE	Unknown Mut LOH	DDR
EAC026	KMT2A	p.R3874Q	LOH	TRUE	Driver	GoF	SNV	KMT2A p.R3874Q	LOH	Gain-of-function + CNV	Histone
EAC026	ARID2	p.H1685R		FALSE	Driver	LoF	SNV	ARID2 p.H1685R	FALSE	Loss-of-function + LOH	Histone
EAC026	DICER1	p.P645L	LOH	FALSE	Driver	Unknown	SNV	DICER1 p.P645L	LOH	Unknown Mut LOH	NA
EAC026	CREBBP	p.R1664C		FALSE	Driver	LoF	SNV	CREBBP p.R1664C	FALSE	Loss-of-function + LOH	NA
EAC026	TP53	p.E286K	COPY-NEUTRAL LOH	TRUE	Driver	LoF	SNV	TP53 p.E286K	COPY-NEUTRAL LOH	Loss-of-function + LOH	TP53
EAC026	BRCA1	p.R1203*		NA	Driver	LoF	SNV	BRCA1 p.R1203*	NA	LoF	DDR
EAC026	PIK3CA	p.G914R		FALSE	Driver	GoF	SNV	PIK3CA p.G914R	FALSE	Gain-of-function + CNV	RTK
EAC026	MAP3K1	p.N1079Ifs*3	COPY-NEUTRAL LOH	TRUE	Driver	LoF	SNV	MAP3K1 p.N1079Ifs*3	COPY-NEUTRAL LOH	Loss-of-function + LOH	NA
EAC026	KMT2C	p.Q3498*	COPY-NEUTRAL LOH	TRUE	Driver	LoF	SNV	KMT2C p.Q3498*	COPY-NEUTRAL LOH	Loss-of-function + LOH	Histone
EAC026	GNAQ	p.L42P		FALSE	Driver	Unknown	SNV	GNAQ p.L42P	FALSE	Unknown Mut LOH	NA
EAC026	ATRX	p.T1582Qfs*24	NA	NA	Driver	LoF	SNV	ATRX p.T1582Qfs*24	NA	LoF	NA
EAC026	JAK1	p.K860Nfs*16		TRUE	Driver	LoF	SNV	JAK1 p.K860Nfs*16	TRUE	Loss-of-function + LOH	JAK-STAT
EAC026	IRS2	p.P236L	LOH	FALSE	Driver	Unknown	SNV	IRS2 p.P236L	LOH	Unknown Mut LOH	NA
EAC026	RNF43	p.G659Vfs*41		FALSE	Driver	LoF	SNV	RNF43 p.G659Vfs*41	FALSE	Loss-of-function + LOH	NA
EAC026	PPP2R1A	p.C174R		FALSE	Driver	Unknown	SNV	PPP2R1A p.C174R	FALSE	Unknown Mut LOH	NA
EAC026	CHEK2	p.K416E	WHOLE ARM COPY-NEUTRAL LOH	TRUE	Driver	LoF	SNV	CHEK2 p.K416E	WHOLE ARM COPY-NEUTRAL LOH	Loss-of-function + LOH	TP53
EAC027	TP53	p.V216M		TRUE	Driver	LoF	SNV	TP53 p.V216M	TRUE	Loss-of-function + LOH	TP53
EAC028	TP53	p.R248Q	LOH	TRUE	Driver	LoF	SNV	TP53 p.R248Q	LOH	Loss-of-function + LOH	TP53
EAC028	MYCN	p.R302C	COPY-NEUTRAL LOH	TRUE	Driver	Unknown	SNV	MYCN p.R302C	COPY-NEUTRAL LOH	Unknown Mut LOH	NA
EAC028	LRP1B	p.W4043*	COPY-NEUTRAL LOH	TRUE	Driver	LoF	SNV	LRP1B p.W4043*	COPY-NEUTRAL LOH	Loss-of-function + LOH	Novel
EAC028	PBRM1	NA	LOH	TRUE	Driver	LoF	SNV	PBRM1 NA	LOH	Loss-of-function + LOH	Histone
EAC028	APC	p.T1556Nfs*3	LOH	TRUE	Driver	LoF	SNV	APC p.T1556Nfs*3	LOH	Loss-of-function + LOH	Wnt
EAC028	BTK	p.W581G	NA	NA	Driver	Unknown	SNV	BTK p.W581G	NA	Unknown Mut	NA
EAC029	LRP1B	p.C3300Y		FALSE	Driver	LoF	SNV	LRP1B p.C3300Y	FALSE	Loss-of-function + LOH	Novel
EAC029	TP53	p.R306*	LOH	TRUE	Driver	LoF	SNV	TP53 p.R306*	LOH	Loss-of-function + LOH	TP53
EAC030	TP53	p.N239S	LOH	TRUE	Driver	LoF	SNV	TP53 p.N239S	LOH	Loss-of-function + LOH	TP53
EAC031	TP53	p.V147Lfs*23		TRUE	Driver	LoF	SNV	TP53 p.V147Lfs*23	TRUE	Loss-of-function + LOH	TP53
EAC032	NTRK3	p.R169H		FALSE	Driver	GoF	SNV	NTRK3 p.R169H	FALSE	Gain-of-function + CNV	NA
EAC032	SMARCA4	p.T859M		FALSE	Driver	LoF	SNV	SMARCA4 p.T859M	FALSE	Loss-of-function + LOH	Histone
EAC032	BAP1	p.R59Q		FALSE	Driver	LoF	SNV	BAP1 p.R59Q	FALSE	Loss-of-function + LOH	NA
EAC032	KMT2D	p.R2774W		FALSE	Driver	LoF	SNV	KMT2D p.R2774W	FALSE	Loss-of-function + LOH	Histone
EAC032	HNF1A	p.G292Rfs*25		FALSE	Driver	LoF	SNV	HNF1A p.G292Rfs*25	FALSE	Loss-of-function + LOH	NA
EAC033	TP53	p.R213*	LOH	TRUE	Driver	LoF	SNV	TP53 p.R213*	LOH	Loss-of-function + LOH	TP53
EAC033	NF1	p.W2494*		FALSE	Driver	Unknown	SNV	NF1 p.W2494*	FALSE	Unknown Mut LOH	NA
EAC033	KIT	p.D877N		FALSE	Driver	Unknown	SNV	KIT p.D877N	FALSE	Unknown Mut LOH	NA
EAC033	KMT2C	p.L2739*	LOH	TRUE	Driver	LoF	SNV	KMT2C p.L2739*	LOH	Loss-of-function + LOH	Histone
EAC033	PRDM2	p.D293Afs*2		FALSE	Driver	Unknown	SNV	PRDM2 p.D293Afs*2	FALSE	Unknown Mut LOH	NA
EAC033	USP8	p.R763W	LOH	TRUE	Driver	GoF	SNV	USP8 p.R763W	LOH	Gain-of-function + CNV	NA
EAC033	USP8	p.N764K	LOH	TRUE	Driver	GoF	SNV	USP8 p.N764K	LOH	Gain-of-function + CNV	NA
EAC033	BRCA1	p.E1148K	NA	FALSE	Driver	Unknown	SNV	BRCA1 p.E1148K	FALSE	Unknown Mut LOH	DDR
EAC034	TP53	p.R213*	LOH	TRUE	Driver	LoF	SNV	TP53 p.R213*	LOH	Loss-of-function + LOH	TP53
EAC034	KIT	p.R805Q		FALSE	Driver	Unknown	SNV	KIT p.R805Q	FALSE	Unknown Mut LOH	NA
EAC034	BCORL1	p.G1530A	NA	NA	Driver	Unknown	SNV	BCORL1 p.G1530A	NA	Unknown Mut	NA
EAC035	TP53	p.R273C	LOH	TRUE	Driver	LoF	SNV	TP53 p.R273C	LOH	Loss-of-function + LOH	TP53
EAC035	CHEK2	p.R95*	WHOLE ARM LOH	TRUE	Driver	LoF	SNV	CHEK2 p.R95*	WHOLE ARM LOH	Loss-of-function + LOH	TP53
EAC036	ARID1A	p.Q1519Pfs*13	LOH	TRUE	Driver	LoF	SNV	ARID1A p.Q1519Pfs*13	LOH	Loss-of-function + LOH	Histone
EAC036	SMAD4	p.R361H		TRUE	Driver	LoF	SNV	SMAD4 p.R361H	TRUE	Loss-of-function + LOH	Wnt
EAC037	TP53	p.H179R	COPY-NEUTRAL LOH	TRUE	Driver	LoF	SNV	TP53 p.H179R	COPY-NEUTRAL LOH	Loss-of-function + LOH	TP53
EAC038	TP53	p.R248W	LOH	TRUE	Driver	LoF	SNV	TP53 p.R248W	LOH	Loss-of-function + LOH	TP53
EAC039	TP53	p.C141W	LOH	TRUE	Driver	LoF	SNV	TP53 p.C141W	LOH	Loss-of-function + LOH	TP53
EAC039	SOX9	p.T467I	LOH	TRUE	Driver	Unknown	SNV	SOX9 p.T467I	LOH	Unknown Mut LOH	NA
EAC040	WT1	p.R458*		FALSE	Driver	LoF	SNV	WT1 p.R458*	FALSE	Loss-of-function + LOH	NA
EAC040	TP53	p.R337L	LOH	TRUE	Driver	LoF	SNV	TP53 p.R337L	LOH	Loss-of-function + LOH	TP53
EAC041	KRAS	p.G13D		FALSE	Driver	GoF	SNV	KRAS p.G13D	FALSE	Gain-of-function + CNV	RTK
EAC041	PIK3CA	p.T1025A		FALSE	Driver	GoF	SNV	PIK3CA p.T1025A	FALSE	Gain-of-function + CNV	RTK
EAC042	ARID1A	p.Q372Sfs*19	COPY-NEUTRAL LOH	TRUE	Driver	LoF	SNV	ARID1A p.Q372Sfs*19	COPY-NEUTRAL LOH	Loss-of-function + LOH	Histone
EAC042	TP53	p.C124*	COPY-NEUTRAL LOH	TRUE	Driver	LoF	SNV	TP53 p.C124*	COPY-NEUTRAL LOH	Loss-of-function + LOH	TP53
EAC043	SDHC	p.A116S		FALSE	Driver	Unknown	SNV	SDHC p.A116S	FALSE	Unknown Mut LOH	NA
EAC043	TP53	p.G266R	LOH	TRUE	Driver	LoF	SNV	TP53 p.G266R	LOH	Loss-of-function + LOH	TP53
EAC044	SMARCA4	p.R1135Q	COPY-NEUTRAL LOH	TRUE	Driver	LoF	SNV	SMARCA4 p.R1135Q	COPY-NEUTRAL LOH	Loss-of-function + LOH	Histone
EAC045	RET	p.R287W	LOH	TRUE	Driver	Unknown	SNV	RET p.R287W	LOH	Unknown Mut LOH	NA
EAC045	TP53	p.I162N	LOH	TRUE	Driver	LoF	SNV	TP53 p.I162N	LOH	Loss-of-function + LOH	TP53
EAC045	APC	p.R230C		FALSE	Driver	LoF	SNV	APC p.R230C	FALSE	Loss-of-function + LOH	Wnt
EAC046	MTOR	p.I1892V		FALSE	Driver	Unknown	SNV	MTOR p.I1892V	FALSE	Unknown Mut LOH	MTOR
EAC046	EPHA2	p.S761F		TRUE	Driver	Unknown	SNV	EPHA2 p.S761F	TRUE	Unknown Mut LOH	NA
EAC046	PTEN	p.N63Tfs*36	COPY-NEUTRAL LOH	FALSE	Driver	LoF	SNV	PTEN p.N63Tfs*36	COPY-NEUTRAL LOH	Loss-of-function + LOH	RTK
EAC046	TRAF7	p.Q470*		NA	Driver	LoF	SNV	TRAF7 p.Q470*	NA	LoF	NA
EAC046	CDK12	p.K721Nfs*32		FALSE	Driver	LoF	SNV	CDK12 p.K721Nfs*32	FALSE	Loss-of-function + LOH	NA
EAC046	BRCA1	p.K654Sfs*47		FALSE	Driver	LoF	SNV	BRCA1 p.K654Sfs*47	FALSE	Loss-of-function + LOH	DDR
EAC046	SMAD4	p.R445Q	WHOLE ARM COPY-NEUTRAL LOH	FALSE	Driver	LoF	SNV	SMAD4 p.R445Q	WHOLE ARM COPY-NEUTRAL LOH	Loss-of-function + LOH	Wnt
EAC046	MAP2K2	p.G141W		FALSE	Driver	Unknown	SNV	MAP2K2 p.G141W	FALSE	Unknown Mut LOH	NA
EAC046	SMARCA4	p.N817I		FALSE	Driver	LoF	SNV	SMARCA4 p.N817I	FALSE	Loss-of-function + LOH	Histone
EAC046	BMPR2	p.C347R		FALSE	Driver	Unknown	SNV	BMPR2 p.C347R	FALSE	Unknown Mut LOH	NA
EAC046	SRC	p.Y530H	WHOLE ARM LOH	FALSE	Driver	Unknown	SNV	SRC p.Y530H	WHOLE ARM LOH	Unknown Mut LOH	NA
EAC046	EP300	p.Y1355C		FALSE	Driver	LoF	SNV	EP300 p.Y1355C	FALSE	Loss-of-function + LOH	NA
EAC046	FBXW7	p.R473Kfs*4	WHOLE ARM LOH	FALSE	Driver	LoF	SNV	FBXW7 p.R473Kfs*4	WHOLE ARM LOH	Loss-of-function + LOH	Wnt
EAC046	FBXW7	p.R224*	WHOLE ARM LOH	FALSE	Driver	LoF	SNV	FBXW7 p.R224*	WHOLE ARM LOH	Loss-of-function + LOH	Wnt
EAC046	FAT1	NA	WHOLE ARM LOH	FALSE	Driver	LoF	SNV	FAT1 NA	WHOLE ARM LOH	Loss-of-function + LOH	NA
EAC046	MAP3K1	p.A160Rfs*4		FALSE	Driver	Unknown	SNV	MAP3K1 p.A160Rfs*4	FALSE	Unknown Mut LOH	NA
EAC046	PIK3R1	p.K567E		FALSE	Driver	LoF	SNV	PIK3R1 p.K567E	FALSE	Loss-of-function + LOH	RTK
EAC046	CARD11	p.R223Q		FALSE	Driver	Unknown	SNV	CARD11 p.R223Q	FALSE	Unknown Mut LOH	NA
EAC046	CDKN2A	p.T137Hfs*5		FALSE	Driver	LoF	SNV	CDKN2A p.T137Hfs*5	FALSE	Loss-of-function + LOH	CellCycle
EAC046	ARID1A	p.G276Efs*87		FALSE	Driver	LoF	SNV	ARID1A p.G276Efs*87	FALSE	Loss-of-function + LOH	Histone
EAC046	ARID1A	p.D1850Gfs*4		FALSE	Driver	LoF	SNV	ARID1A p.D1850Gfs*4	FALSE	Loss-of-function + LOH	Histone
EAC046	ZFHX3	p.D939N	LOH	FALSE	Driver	Unknown	SNV	ZFHX3 p.D939N	LOH	Unknown Mut LOH	NA
EAC046	RNF43	p.G659Vfs*41		FALSE	Driver	LoF	SNV	RNF43 p.G659Vfs*41	FALSE	Loss-of-function + LOH	NA
EAC046	DNMT3A	p.R96W		FALSE	Driver	Unknown	SNV	DNMT3A p.R96W	FALSE	Unknown Mut LOH	NA
EAC046	BCOR	p.S336Rfs*42	NA	NA	Driver	LoF	SNV	BCOR p.S336Rfs*42	NA	LoF	NA
EAC047	TP53	p.G245S	LOH	TRUE	Driver	LoF	SNV	TP53 p.G245S	LOH	Loss-of-function + LOH	TP53
EAC047	KDM6A	p.W287*	NA	NA	Driver	LoF	SNV	KDM6A p.W287*	NA	LoF	NA
EAC047	HNF1A	p.G292Rfs*25	COPY-NEUTRAL LOH	TRUE	Driver	LoF	SNV	HNF1A p.G292Rfs*25	COPY-NEUTRAL LOH	Loss-of-function + LOH	NA
EAC047	TGFBR2	p.R553C		FALSE	Driver	LoF	SNV	TGFBR2 p.R553C	FALSE	Loss-of-function + LOH	NA
EAC048	FGFR3	p.R605W	LOH	FALSE	Driver	Unknown	SNV	FGFR3 p.R605W	LOH	Unknown Mut LOH	FGF
EAC048	SDHA	p.A449V	NA	FALSE	Driver	Unknown	SNV	SDHA p.A449V	FALSE	Unknown Mut LOH	NA
EAC049	NTRK3	p.N372K		FALSE	Driver	GoF	SNV	NTRK3 p.N372K	FALSE	Gain-of-function + CNV	NA
EAC049	TP53	p.R248Gfs*97	LOH	TRUE	Driver	LoF	SNV	TP53 p.R248Gfs*97	LOH	Loss-of-function + LOH	TP53
EAC049	APC	p.T1556Nfs*3	LOH	TRUE	Driver	LoF	SNV	APC p.T1556Nfs*3	LOH	Loss-of-function + LOH	Wnt
EAC050	NKX2-1	p.A336V	WHOLE ARM LOH	TRUE	Driver	Unknown	SNV	NKX2-1 p.A336V	WHOLE ARM LOH	Unknown Mut LOH	NA
EAC050	TP53	p.R306*	NA	TRUE	Driver	LoF	SNV	TP53 p.R306*	TRUE	Loss-of-function + LOH	TP53
EAC050	SMARCB1	p.R383Q	WHOLE ARM LOH	TRUE	Driver	Unknown	SNV	SMARCB1 p.R383Q	WHOLE ARM LOH	Unknown Mut LOH	NA
EAC050	KMT2C	p.S2078*		FALSE	Driver	LoF	SNV	KMT2C p.S2078*	FALSE	Loss-of-function + LOH	Histone
EAC051	PRDM2	p.P494L	LOH	FALSE	Driver	Unknown	SNV	PRDM2 p.P494L	LOH	Unknown Mut LOH	NA
EAC051	ATR	p.P358L		FALSE	Driver	Unknown	SNV	ATR p.P358L	FALSE	Unknown Mut LOH	NA
EAC051	SPEN	p.E2214K		FALSE	Driver	Unknown	SNV	SPEN p.E2214K	FALSE	Unknown Mut LOH	Novel
EAC052	MTOR	p.E35K		FALSE	Driver	Unknown	SNV	MTOR p.E35K	FALSE	Unknown Mut LOH	MTOR
EAC052	RET	p.T742M	LOH	FALSE	Driver	Unknown	SNV	RET p.T742M	LOH	Unknown Mut LOH	NA
EAC053	TP53	p.C176Y		FALSE	Driver	LoF	SNV	TP53 p.C176Y	FALSE	Loss-of-function + LOH	TP53
EAC053	TP53	p.R175H		FALSE	Driver	LoF	SNV	TP53 p.R175H	FALSE	Loss-of-function + LOH	TP53
EAC053	ERBB2	p.R678Q		FALSE	Driver	GoF	SNV	ERBB2 p.R678Q	FALSE	Gain-of-function + CNV	HER2
EAC054	KMT2A	p.D1578N		FALSE	Driver	GoF	SNV	KMT2A p.D1578N	FALSE	Gain-of-function + CNV	Histone
EAC054	TP53	p.R273C	LOH	TRUE	Driver	LoF	SNV	TP53 p.R273C	LOH	Loss-of-function + LOH	TP53
EAC054	ERBB4	p.F478V		FALSE	Driver	LoF	SNV	ERBB4 p.F478V	FALSE	Loss-of-function + LOH	HER2
EAC054	CDKN2A	p.D84Y	LOH	TRUE	Driver	LoF	SNV	CDKN2A p.D84Y	LOH	Loss-of-function + LOH	CellCycle
EAC055	TP53	p.C135Afs*35	LOH	TRUE	Driver	LoF	SNV	TP53 p.C135Afs*35	LOH	Loss-of-function + LOH	TP53
EAC055	ARID1A	p.Q1512*		FALSE	Driver	LoF	SNV	ARID1A p.Q1512*	FALSE	Loss-of-function + LOH	Histone
EAC056	SMAD4	p.G386D	WHOLE ARM LOH	TRUE	Driver	LoF	SNV	SMAD4 p.G386D	WHOLE ARM LOH	Loss-of-function + LOH	Wnt
EAC056	LRP1B	p.G4353A	LOH	FALSE	Driver	LoF	SNV	LRP1B p.G4353A	LOH	Loss-of-function + LOH	Novel
EAC056	FANCD2	p.E472*		FALSE	Driver	Unknown	SNV	FANCD2 p.E472*	FALSE	Unknown Mut LOH	DDR
EAC056	TP53	p.R273C	LOH	TRUE	Driver	LoF	SNV	TP53 p.R273C	LOH	Loss-of-function + LOH	TP53
EAC057	PIK3CA	p.H1047L	LOH	TRUE	Driver	GoF	SNV	PIK3CA p.H1047L	LOH	Gain-of-function + CNV	RTK
EAC057	NOTCH1	p.Q1763*	COPY-NEUTRAL LOH	TRUE	Driver	LoF	SNV	NOTCH1 p.Q1763*	COPY-NEUTRAL LOH	Loss-of-function + LOH	NA
EAC058	NOTCH2	p.Y1592H		FALSE	Driver	Unknown	SNV	NOTCH2 p.Y1592H	FALSE	Unknown Mut LOH	NA
EAC058	ARID1A	p.G2087V	LOH	TRUE	Driver	LoF	SNV	ARID1A p.G2087V	LOH	Loss-of-function + LOH	Histone
EAC058	TP53	p.R175H	LOH	TRUE	Driver	LoF	SNV	TP53 p.R175H	LOH	Loss-of-function + LOH	TP53
EAC059	ZFHX3	p.R2161Q		FALSE	Driver	Unknown	SNV	ZFHX3 p.R2161Q	FALSE	Unknown Mut LOH	NA
EAC059	TP53	p.E286K	LOH	TRUE	Driver	LoF	SNV	TP53 p.E286K	LOH	Loss-of-function + LOH	TP53
EAC059	SMAD4	p.R361C	WHOLE ARM COPY-NEUTRAL LOH	TRUE	Driver	LoF	SNV	SMAD4 p.R361C	WHOLE ARM COPY-NEUTRAL LOH	Loss-of-function + LOH	Wnt
EAC060	ARID2	NA		FALSE	Driver	LoF	SNV	ARID2 NA	FALSE	Loss-of-function + LOH	Histone
EAC060	PIK3CA	p.E542K		FALSE	Driver	GoF	SNV	PIK3CA p.E542K	FALSE	Gain-of-function + CNV	RTK
EAC060	KMT2C	p.S2042*	COPY-NEUTRAL LOH	FALSE	Driver	LoF	SNV	KMT2C p.S2042*	COPY-NEUTRAL LOH	Loss-of-function + LOH	Histone
EAC060	ARID1A	p.Q2070Sfs*65		FALSE	Driver	LoF	SNV	ARID1A p.Q2070Sfs*65	FALSE	Loss-of-function + LOH	Histone
EAC060	TP53	p.E286Q		FALSE	Driver	LoF	SNV	TP53 p.E286Q	FALSE	Loss-of-function + LOH	TP53
EAC061	FH	p.K230N		FALSE	Driver	Unknown	SNV	FH p.K230N	FALSE	Unknown Mut LOH	NA
EAC061	CDKN1B	p.G9R		FALSE	Driver	Unknown	SNV	CDKN1B p.G9R	FALSE	Unknown Mut LOH	CellCycle
EAC061	TP53	p.Y220C	LOH	TRUE	Driver	LoF	SNV	TP53 p.Y220C	LOH	Loss-of-function + LOH	TP53
EAC062	BRCA2	p.E2848*		FALSE	Driver	Unknown	SNV	BRCA2 p.E2848*	FALSE	Unknown Mut LOH	DDR
EAC062	TP53	p.C275Y	COPY-NEUTRAL LOH	TRUE	Driver	LoF	SNV	TP53 p.C275Y	COPY-NEUTRAL LOH	Loss-of-function + LOH	TP53
EAC062	ERBB2	p.R678Q	LOH	TRUE	Driver	GoF	SNV	ERBB2 p.R678Q	LOH	Gain-of-function + CNV	HER2
EAC062	FBXW7	p.R658*	WHOLE ARM LOH	TRUE	Driver	LoF	SNV	FBXW7 p.R658*	WHOLE ARM LOH	Loss-of-function + LOH	Wnt
EAC062	NOTCH1	p.S458L		FALSE	Driver	Unknown	SNV	NOTCH1 p.S458L	FALSE	Unknown Mut LOH	NA
EAC020	SMARCA4	DEL			CNV	DEL	DEL	SMARCA4 Deletion		DEL	Histone
EAC023	RUNX1	DEL			CNV	DEL	DEL	RUNX1 Deletion		DEL	NA
EAC024	RICTOR	AMP			CNV	AMP	AMP	RICTOR Amplification		AMP	NA
EAC024	FGFR4	AMP			CNV	AMP	AMP	FGFR4 Amplification		AMP	FGF
EAC024	CARD11	AMP			CNV	AMP	AMP	CARD11 Amplification		AMP	NA
EAC024	RAC1	AMP			CNV	AMP	AMP	RAC1 Amplification		AMP	NA
EAC024	EGFR	AMP			CNV	AMP	AMP	EGFR Amplification		AMP	RTK
EAC024	CDKN2A	DEL			CNV	DEL	DEL	CDKN2A Deletion		DEL	CellCycle
EAC024	CDKN2B	DEL			CNV	DEL	DEL	CDKN2B Deletion		DEL	CellCycle
EAC024	CCNE1	AMP			CNV	AMP	AMP	CCNE1 Amplification		AMP	CellCycle
EAC024	AKT2	AMP			CNV	AMP	AMP	AKT2 Amplification		AMP	RTK
EAC024	AXL	AMP			CNV	AMP	AMP	AXL Amplification		AMP	NA
EAC011	KRAS	AMP			CNV	AMP	AMP	KRAS Amplification		AMP	RTK
EAC011	SMAD4	DEL			CNV	DEL	DEL	SMAD4 Deletion		DEL	Wnt
EAC054	MYCL	AMP			CNV	AMP	AMP	MYCL Amplification		AMP	NA
EAC054	RAF1	AMP			CNV	AMP	AMP	RAF1 Amplification		AMP	NA
EAC016	PDGFRA	AMP			CNV	AMP	AMP	PDGFRA Amplification		AMP	NA
EAC016	KIT	AMP			CNV	AMP	AMP	KIT Amplification		AMP	NA
EAC016	KDR	AMP			CNV	AMP	AMP	KDR Amplification		AMP	NA
EAC016	FAT1	DEL			CNV	DEL	DEL	FAT1 Deletion		DEL	NA
EAC016	RICTOR	AMP			CNV	AMP	AMP	RICTOR Amplification		AMP	NA
EAC016	CCND3	AMP			CNV	AMP	AMP	CCND3 Amplification		AMP	NA
EAC016	VEGFA	AMP			CNV	AMP	AMP	VEGFA Amplification		AMP	RTK
EAC016	MYC	AMP			CNV	AMP	AMP	MYC Amplification		AMP	Wnt
EAC016	AURKA	AMP			CNV	AMP	AMP	AURKA Amplification		AMP	NA
EAC031	PIK3CA	AMP			CNV	AMP	AMP	PIK3CA Amplification		AMP	RTK
EAC031	RICTOR	AMP			CNV	AMP	AMP	RICTOR Amplification		AMP	NA
EAC031	CDK6	AMP			CNV	AMP	AMP	CDK6 Amplification		AMP	CellCycle
EAC031	CDKN2A	DEL			CNV	DEL	DEL	CDKN2A Deletion		DEL	CellCycle
EAC031	CDKN2B	DEL			CNV	DEL	DEL	CDKN2B Deletion		DEL	CellCycle
EAC031	KRAS	AMP			CNV	AMP	AMP	KRAS Amplification		AMP	RTK
EAC038	VEGFA	AMP			CNV	AMP	AMP	VEGFA Amplification		AMP	RTK
EAC047	EGFR	AMP			CNV	AMP	AMP	EGFR Amplification		AMP	RTK
EAC047	CDK6	AMP			CNV	AMP	AMP	CDK6 Amplification		AMP	CellCycle
EAC051	MCL1	AMP			CNV	AMP	AMP	MCL1 Amplification		AMP	NA
EAC051	PDGFRA	AMP			CNV	AMP	AMP	PDGFRA Amplification		AMP	NA
EAC051	KIT	AMP			CNV	AMP	AMP	KIT Amplification		AMP	NA
EAC051	KDR	AMP			CNV	AMP	AMP	KDR Amplification		AMP	NA
EAC051	MYC	AMP			CNV	AMP	AMP	MYC Amplification		AMP	Wnt
EAC051	ERBB3	AMP			CNV	AMP	AMP	ERBB3 Amplification		AMP	HER2
EAC051	CDK4	AMP			CNV	AMP	AMP	CDK4 Amplification		AMP	CellCycle
EAC051	MDM2	AMP			CNV	AMP	AMP	MDM2 Amplification		AMP	TP53
EAC051	ERBB2	AMP			CNV	AMP	AMP	ERBB2 Amplification		AMP	HER2
EAC001	EGFR	AMP			CNV	AMP	AMP	EGFR Amplification		AMP	RTK
EAC001	CDK6	AMP			CNV	AMP	AMP	CDK6 Amplification		AMP	CellCycle
EAC001	CCND1	AMP			CNV	AMP	AMP	CCND1 Amplification		AMP	CellCycle
EAC001	FGF19	AMP			CNV	AMP	AMP	FGF19 Amplification		AMP	FGF
EAC001	CCNE1	AMP			CNV	AMP	AMP	CCNE1 Amplification		AMP	CellCycle
EAC022	TERT	AMP			CNV	AMP	AMP	TERT Amplification		AMP	NA
EAC022	RICTOR	AMP			CNV	AMP	AMP	RICTOR Amplification		AMP	NA
EAC022	MYC	AMP			CNV	AMP	AMP	MYC Amplification		AMP	Wnt
EAC022	CDKN2A	DEL			CNV	DEL	DEL	CDKN2A Deletion		DEL	CellCycle
EAC022	CDKN2B	DEL			CNV	DEL	DEL	CDKN2B Deletion		DEL	CellCycle
EAC022	KDM5A	AMP			CNV	AMP	AMP	KDM5A Amplification		AMP	NA
EAC022	CDK8	AMP			CNV	AMP	AMP	CDK8 Amplification		AMP	NA
EAC022	CCNE1	AMP			CNV	AMP	AMP	CCNE1 Amplification		AMP	CellCycle
EAC022	AKT2	AMP			CNV	AMP	AMP	AKT2 Amplification		AMP	RTK
EAC022	AXL	AMP			CNV	AMP	AMP	AXL Amplification		AMP	NA
EAC022	SRC	AMP			CNV	AMP	AMP	SRC Amplification		AMP	NA
EAC022	AURKA	AMP			CNV	AMP	AMP	AURKA Amplification		AMP	NA
EAC033	KEAP1	DEL			CNV	DEL	DEL	KEAP1 Deletion		DEL	NA
EAC061	MYC	AMP			CNV	AMP	AMP	MYC Amplification		AMP	Wnt
EAC061	CCND1	AMP			CNV	AMP	AMP	CCND1 Amplification		AMP	CellCycle
EAC061	KRAS	AMP			CNV	AMP	AMP	KRAS Amplification		AMP	RTK
EAC062	MDM4	AMP			CNV	AMP	AMP	MDM4 Amplification		AMP	TP53
EAC062	RICTOR	AMP			CNV	AMP	AMP	RICTOR Amplification		AMP	NA
EAC062	FGFR2	AMP			CNV	AMP	AMP	FGFR2 Amplification		AMP	FGF
EAC004	CDKN2A	DEL			CNV	DEL	DEL	CDKN2A Deletion		DEL	CellCycle
EAC004	CDKN2B	DEL			CNV	DEL	DEL	CDKN2B Deletion		DEL	CellCycle
EAC005	KRAS	AMP			CNV	AMP	AMP	KRAS Amplification		AMP	RTK
EAC005	SRC	AMP			CNV	AMP	AMP	SRC Amplification		AMP	NA
EAC005	AURKA	AMP			CNV	AMP	AMP	AURKA Amplification		AMP	NA
EAC006	EPHA3	DEL			CNV	DEL	DEL	EPHA3 Deletion		DEL	NA
EAC006	CCND3	AMP			CNV	AMP	AMP	CCND3 Amplification		AMP	NA
EAC006	VEGFA	AMP			CNV	AMP	AMP	VEGFA Amplification		AMP	RTK
EAC006	CDK6	AMP			CNV	AMP	AMP	CDK6 Amplification		AMP	CellCycle
EAC006	ERBB2	AMP			CNV	AMP	AMP	ERBB2 Amplification		AMP	HER2
EAC007	EGFR	AMP			CNV	AMP	AMP	EGFR Amplification		AMP	RTK
EAC007	CDK8	AMP			CNV	AMP	AMP	CDK8 Amplification		AMP	NA
EAC007	SRC	AMP			CNV	AMP	AMP	SRC Amplification		AMP	NA
EAC008	CDKN2A	DEL			CNV	DEL	DEL	CDKN2A Deletion		DEL	CellCycle
EAC008	CDKN2B	DEL			CNV	DEL	DEL	CDKN2B Deletion		DEL	CellCycle
EAC008	KRAS	AMP			CNV	AMP	AMP	KRAS Amplification		AMP	RTK
EAC008	ERBB3	AMP			CNV	AMP	AMP	ERBB3 Amplification		AMP	HER2
EAC008	CDK4	AMP			CNV	AMP	AMP	CDK4 Amplification		AMP	CellCycle
EAC008	MDM2	AMP			CNV	AMP	AMP	MDM2 Amplification		AMP	TP53
EAC009	MCL1	AMP			CNV	AMP	AMP	MCL1 Amplification		AMP	NA
EAC009	NTRK1	AMP			CNV	AMP	AMP	NTRK1 Amplification		AMP	NA
EAC009	DDR2	AMP			CNV	AMP	AMP	DDR2 Amplification		AMP	NA
EAC009	CCND3	AMP			CNV	AMP	AMP	CCND3 Amplification		AMP	NA
EAC009	VEGFA	AMP			CNV	AMP	AMP	VEGFA Amplification		AMP	RTK
EAC009	CARD11	AMP			CNV	AMP	AMP	CARD11 Amplification		AMP	NA
EAC009	RAC1	AMP			CNV	AMP	AMP	RAC1 Amplification		AMP	NA
EAC009	EGFR	AMP			CNV	AMP	AMP	EGFR Amplification		AMP	RTK
EAC009	CDK6	AMP			CNV	AMP	AMP	CDK6 Amplification		AMP	CellCycle
EAC009	MET	AMP			CNV	AMP	AMP	MET Amplification		AMP	RTK
EAC009	BRAF	AMP			CNV	AMP	AMP	BRAF Amplification		AMP	RTK
EAC009	EZH2	AMP			CNV	AMP	AMP	EZH2 Amplification		AMP	Histone
EAC009	BMPR1A	DEL			CNV	DEL	DEL	BMPR1A Deletion		DEL	NA
EAC009	CCND1	AMP			CNV	AMP	AMP	CCND1 Amplification		AMP	CellCycle
EAC009	FGF19	AMP			CNV	AMP	AMP	FGF19 Amplification		AMP	FGF
EAC009	SRC	AMP			CNV	AMP	AMP	SRC Amplification		AMP	NA
EAC009	AURKA	AMP			CNV	AMP	AMP	AURKA Amplification		AMP	NA
EAC010	FAT1	DEL			CNV	DEL	DEL	FAT1 Deletion		DEL	NA
EAC012	TERT	AMP			CNV	AMP	AMP	TERT Amplification		AMP	NA
EAC012	ERBB2	AMP			CNV	AMP	AMP	ERBB2 Amplification		AMP	HER2
EAC013	MYC	AMP			CNV	AMP	AMP	MYC Amplification		AMP	Wnt
EAC013	FGFR2	AMP			CNV	AMP	AMP	FGFR2 Amplification		AMP	FGF
EAC013	CDK8	AMP			CNV	AMP	AMP	CDK8 Amplification		AMP	NA
EAC014	MYC	AMP			CNV	AMP	AMP	MYC Amplification		AMP	Wnt
EAC014	CCND1	AMP			CNV	AMP	AMP	CCND1 Amplification		AMP	CellCycle
EAC014	FGF19	AMP			CNV	AMP	AMP	FGF19 Amplification		AMP	FGF
EAC014	ERBB2	AMP			CNV	AMP	AMP	ERBB2 Amplification		AMP	HER2
EAC015	CDKN2A	DEL			CNV	DEL	DEL	CDKN2A Deletion		DEL	CellCycle
EAC015	CDKN2B	DEL			CNV	DEL	DEL	CDKN2B Deletion		DEL	CellCycle
EAC015	CCND1	AMP			CNV	AMP	AMP	CCND1 Amplification		AMP	CellCycle
EAC015	FGF19	AMP			CNV	AMP	AMP	FGF19 Amplification		AMP	FGF
EAC015	MDM2	AMP			CNV	AMP	AMP	MDM2 Amplification		AMP	TP53
EAC019	CDH1	DEL			CNV	DEL	DEL	CDH1 Deletion		DEL	NA
EAC019	TP53	DEL			CNV	DEL	DEL	TP53 Deletion		DEL	TP53
EAC019	PIK3R2	DEL			CNV	DEL	DEL	PIK3R2 Deletion		DEL	NA
EAC021	EGFR	AMP			CNV	AMP	AMP	EGFR Amplification		AMP	RTK
EAC021	CCND1	AMP			CNV	AMP	AMP	CCND1 Amplification		AMP	CellCycle
EAC021	FGF19	AMP			CNV	AMP	AMP	FGF19 Amplification		AMP	FGF
EAC021	KRAS	AMP			CNV	AMP	AMP	KRAS Amplification		AMP	RTK
EAC025	TSC2	DEL			CNV	DEL	DEL	TSC2 Deletion		DEL	MTOR
EAC025	ERBB2	AMP			CNV	AMP	AMP	ERBB2 Amplification		AMP	HER2
EAC027	FGFR4	AMP			CNV	AMP	AMP	FGFR4 Amplification		AMP	FGF
EAC027	MYC	AMP			CNV	AMP	AMP	MYC Amplification		AMP	Wnt
EAC027	CCNE1	AMP			CNV	AMP	AMP	CCNE1 Amplification		AMP	CellCycle
EAC028	SMAD4	DEL			CNV	DEL	DEL	SMAD4 Deletion		DEL	Wnt
EAC030	CDK4	AMP			CNV	AMP	AMP	CDK4 Amplification		AMP	CellCycle
EAC030	ERBB2	AMP			CNV	AMP	AMP	ERBB2 Amplification		AMP	HER2
EAC032	MYC	AMP			CNV	AMP	AMP	MYC Amplification		AMP	Wnt
EAC032	KRAS	AMP			CNV	AMP	AMP	KRAS Amplification		AMP	RTK
EAC032	TP53	DEL			CNV	DEL	DEL	TP53 Deletion		DEL	TP53
EAC032	ERBB2	AMP			CNV	AMP	AMP	ERBB2 Amplification		AMP	HER2
EAC032	CCNE1	AMP			CNV	AMP	AMP	CCNE1 Amplification		AMP	CellCycle
EAC034	EGFR	AMP			CNV	AMP	AMP	EGFR Amplification		AMP	RTK
EAC034	MYC	AMP			CNV	AMP	AMP	MYC Amplification		AMP	Wnt
EAC035	MYCN	AMP			CNV	AMP	AMP	MYCN Amplification		AMP	NA
EAC035	ALK	AMP			CNV	AMP	AMP	ALK Amplification		AMP	NA
EAC035	EGFR	AMP			CNV	AMP	AMP	EGFR Amplification		AMP	RTK
EAC035	CDK6	AMP			CNV	AMP	AMP	CDK6 Amplification		AMP	CellCycle
EAC035	MYC	AMP			CNV	AMP	AMP	MYC Amplification		AMP	Wnt
EAC035	KRAS	AMP			CNV	AMP	AMP	KRAS Amplification		AMP	RTK
EAC036	KMT2D	DEL			CNV	DEL	DEL	KMT2D Deletion		DEL	Histone
EAC039	CDK6	AMP			CNV	AMP	AMP	CDK6 Amplification		AMP	CellCycle
EAC039	KRAS	AMP			CNV	AMP	AMP	KRAS Amplification		AMP	RTK
EAC045	AKT3	AMP			CNV	AMP	AMP	AKT3 Amplification		AMP	RTK
EAC045	FGFR2	AMP			CNV	AMP	AMP	FGFR2 Amplification		AMP	FGF
EAC045	MDM2	AMP			CNV	AMP	AMP	MDM2 Amplification		AMP	TP53
EAC045	CREBBP	DEL			CNV	DEL	DEL	CREBBP Deletion		DEL	NA
EAC045	CCNE1	AMP			CNV	AMP	AMP	CCNE1 Amplification		AMP	CellCycle
EAC045	AKT2	AMP			CNV	AMP	AMP	AKT2 Amplification		AMP	RTK
EAC045	AXL	AMP			CNV	AMP	AMP	AXL Amplification		AMP	NA
EAC048	RICTOR	AMP			CNV	AMP	AMP	RICTOR Amplification		AMP	NA
EAC048	MYC	AMP			CNV	AMP	AMP	MYC Amplification		AMP	Wnt
EAC049	CCND3	AMP			CNV	AMP	AMP	CCND3 Amplification		AMP	NA
EAC049	VEGFA	AMP			CNV	AMP	AMP	VEGFA Amplification		AMP	RTK
EAC049	CARD11	AMP			CNV	AMP	AMP	CARD11 Amplification		AMP	NA
EAC049	EGFR	AMP			CNV	AMP	AMP	EGFR Amplification		AMP	RTK
EAC049	ERBB2	AMP			CNV	AMP	AMP	ERBB2 Amplification		AMP	HER2
EAC049	SRC	AMP			CNV	AMP	AMP	SRC Amplification		AMP	NA
EAC050	MCL1	AMP			CNV	AMP	AMP	MCL1 Amplification		AMP	NA
EAC050	CARD11	AMP			CNV	AMP	AMP	CARD11 Amplification		AMP	NA
EAC050	RAC1	AMP			CNV	AMP	AMP	RAC1 Amplification		AMP	NA
EAC050	EGFR	AMP			CNV	AMP	AMP	EGFR Amplification		AMP	RTK
EAC050	KDM5A	AMP			CNV	AMP	AMP	KDM5A Amplification		AMP	NA
EAC053	KRAS	AMP			CNV	AMP	AMP	KRAS Amplification		AMP	RTK
EAC055	EGFR	AMP			CNV	AMP	AMP	EGFR Amplification		AMP	RTK
EAC055	CDK6	AMP			CNV	AMP	AMP	CDK6 Amplification		AMP	CellCycle
EAC055	SRC	AMP			CNV	AMP	AMP	SRC Amplification		AMP	NA
EAC055	AURKA	AMP			CNV	AMP	AMP	AURKA Amplification		AMP	NA
EAC059	CDKN2A	DEL			CNV	DEL	DEL	CDKN2A Deletion		DEL	CellCycle
EAC059	CDKN2B	DEL			CNV	DEL	DEL	CDKN2B Deletion		DEL	CellCycle
EAC059	ERBB2	AMP			CNV	AMP	AMP	ERBB2 Amplification		AMP	HER2
EAC060	CDK6	AMP			CNV	AMP	AMP	CDK6 Amplification		AMP	CellCycle
