"Genes","LundEAC","MSK2020_EAConly","TCGA_2017_only","esca_broad","is_oesophageal","is_predicted_driver","p_value","fdr_p_value","is_significant_fdr"
"TP53",0.765625,0.825,0.747,0.702,FALSE,TRUE,0.0276941933983865,0.0686888875736298,FALSE
"LRP1B",0.40625,NA,0.278,0.225,TRUE,TRUE,1.31133497301771e-22,4.94373284827678e-20,TRUE
"RYR1",0.203125,NA,0.101,0.093,FALSE,FALSE,4.45826283016332e-10,3.36153017394314e-08,TRUE
"SPTA1",0.203125,NA,0.215,0.212,FALSE,FALSE,1.40396782376265e-14,2.6464793477926e-12,TRUE
"ARID2",0.1875,0.021,0.013,0.053,FALSE,TRUE,1.24586411403679e-07,3.91408975826559e-06,TRUE
"ARID1A",0.171875,0.126,0.139,0.086,FALSE,TRUE,0.313367947185465,0.376241134041147,FALSE
"DMD",0.171875,NA,0.139,0.033,FALSE,FALSE,2.32689065795758e-11,2.19309444512501e-09,TRUE
"PIK3CA",0.171875,0.066,0.063,0.053,FALSE,TRUE,0.0158896888091242,0.0481883106055152,TRUE
"SPEN",0.15625,0.031,0.013,0.033,FALSE,TRUE,3.85108049471318e-05,0.000468341079518345,TRUE
"CDKN2A",0.140625,0.178,0.203,0.132,FALSE,TRUE,0.449824777280664,0.503216442239793,FALSE
"KMT2D",0.140625,0.077,0.127,0.02,FALSE,TRUE,0.00370391549539325,0.0159628056747286,TRUE
"PRKDC",0.140625,NA,0.089,0.026,FALSE,FALSE,1.47668783333788e-08,5.56711313168382e-07,TRUE
"ZFHX3",0.140625,0.047,0.051,0.053,FALSE,TRUE,0.0359168753514464,0.0820646182272442,FALSE
"ALK",0.125,0.049,0.063,0.046,FALSE,TRUE,0.108561041840764,0.170531303224867,FALSE
"FAT1",0.125,0.035,0.063,0.026,FALSE,TRUE,0.00853298583908986,0.0330354147716755,TRUE
"SMAD4",0.125,0.091,0.114,0.079,FALSE,TRUE,0.680532091756239,0.72067583874186,FALSE
"AR",0.109375,0.035,0.051,0.046,FALSE,TRUE,0.0966061847448791,0.158005924414835,FALSE
"FANCF",0.109375,NA,NA,NA,FALSE,FALSE,2.41440530923348e-12,3.03410267193674e-10,TRUE
"FBXW7",0.109375,0.014,0.101,0.013,FALSE,TRUE,1.07153291267739e-05,0.000199848710862989,TRUE
"KMT2C",0.109375,0.035,0.101,0.04,FALSE,TRUE,0.0190603400432992,0.0532277644172134,FALSE
"LRP2",0.109375,NA,0.165,0.086,FALSE,FALSE,1.01296766317692e-08,4.24320898908555e-07,TRUE
"NOTCH1",0.109375,0.066,0.038,0.026,FALSE,TRUE,0.072662795143877,0.128609736005829,FALSE
"SDHA",0.109375,0.003,0.025,0.02,FALSE,TRUE,4.91768156816117e-06,0.000109056820658633,TRUE
"TSC2",0.109375,0.014,0.063,0.013,FALSE,TRUE,0.000154315209200504,0.00141894716752659,TRUE
"APC",0.09375,0.07,0.139,0.04,FALSE,TRUE,0.0496876101872196,0.0950874570587908,FALSE
"CARD11",0.09375,0.014,0.013,0.033,FALSE,TRUE,0.00423816567085235,0.0177532050879037,TRUE
"DPYD",0.09375,NA,0.038,0.046,FALSE,FALSE,0.000113027324168326,0.00115165678949889,TRUE
"GLI2",0.09375,NA,0.025,NA,FALSE,FALSE,4.52530516561119e-08,1.55094549766856e-06,TRUE
"MAST4",0.09375,NA,0.013,0.007,FALSE,FALSE,1.76346872693221e-07,5.1140593081034e-06,TRUE
"MCC",0.09375,NA,0.051,0.007,FALSE,FALSE,1.343859739641e-06,3.37756747896439e-05,TRUE
"NTRK3",0.09375,0.017,0.038,0.04,FALSE,TRUE,0.0224018293308029,0.0592416833374887,FALSE
"TERT",0.09375,0.014,NA,NA,FALSE,TRUE,8.20630468041557e-06,0.000162830361290351,TRUE
"ASXL1",0.078125,0.021,0.038,0.026,FALSE,FALSE,0.113932509373952,0.178226373584979,FALSE
"BRCA1",0.078125,0.014,0.038,0.02,FALSE,TRUE,0.0268861583136069,0.0675738778948655,FALSE
"CACNA1H",0.078125,NA,0.089,0.026,FALSE,FALSE,1.27652164539723e-05,0.000209238547962937,TRUE
"CD79B",0.078125,0.003,NA,0.007,FALSE,FALSE,5.8663508244896e-06,0.000122867458935143,TRUE
"CREBBP",0.078125,0.031,0.051,0.02,FALSE,TRUE,0.164878829937822,0.236988718388249,FALSE
"DCLK3",0.078125,NA,0.038,0.007,FALSE,FALSE,2.37554312770494e-05,0.000308820606601642,TRUE
"DST",0.078125,NA,0.101,0.04,FALSE,FALSE,1.11321563080179e-05,0.000199848710862989,TRUE
"EPHA5",0.078125,0.059,0.076,0.073,FALSE,FALSE,0.89455012898959,0.916427713665965,FALSE
"HNF1A",0.078125,0.01,0.013,NA,FALSE,TRUE,0.00020100521571227,0.00168397702941169,TRUE
"IKZF1",0.078125,0.003,0.025,0.007,FALSE,TRUE,0.000116636050971266,0.00115715240042546,TRUE
"JRK",0.078125,NA,NA,NA,FALSE,FALSE,7.70874916033885e-09,3.63274804180968e-07,TRUE
"KAT6A",0.078125,NA,0.076,0.053,FALSE,TRUE,0.000136892255665353,0.00129020950964595,TRUE
"KCNA5",0.078125,NA,0.038,0.013,FALSE,FALSE,9.29182085897157e-05,0.00106152014055524,TRUE
"MGAM",0.078125,NA,0.038,0.007,FALSE,FALSE,2.37554312770494e-05,0.000308820606601642,TRUE
"PARP10",0.078125,NA,NA,NA,FALSE,FALSE,7.70874916033885e-09,3.63274804180968e-07,TRUE
"PRDM2",0.078125,NA,0.013,0.02,FALSE,TRUE,0.000102672724534598,0.00110601783866614,TRUE
"PTEN",0.078125,0.024,0.025,0.026,FALSE,TRUE,0.139890998097122,0.210955625130461,FALSE
"RNF43",0.078125,0.021,0.013,0.02,FALSE,TRUE,0.0480271598313667,0.0923787717164554,FALSE
"SOX9",0.078125,0.024,0.013,0.013,FALSE,TRUE,0.035618365636849,0.0818788039334881,FALSE
"USP8",0.078125,NA,0.038,0.007,FALSE,TRUE,2.37554312770494e-05,0.000308820606601642,TRUE
"ADAMTS7",0.0625,NA,0.025,0.013,FALSE,FALSE,0.00112330442692873,0.00564647691936174,TRUE
"ATRX",0.0625,0.021,0.025,0.013,FALSE,TRUE,0.176634578980128,0.24940537930902,FALSE
"BCL9",0.0625,NA,0.025,0.02,FALSE,FALSE,0.00237781025764056,0.0108004152666324,TRUE
"BCOR",0.0625,0.014,0.025,NA,FALSE,TRUE,0.0124710356009488,0.0431337653353918,TRUE
"BCORL1",0.0625,NA,0.013,0.013,FALSE,TRUE,0.00064704405421783,0.00381149388187691,TRUE
"BRAF",0.0625,0.01,0.025,NA,FALSE,TRUE,0.004875431557302,0.0199786706206832,TRUE
"BRCA2",0.0625,0.038,0.063,0.013,FALSE,TRUE,0.169500774730356,0.242052242702062,FALSE
"CCAR2",0.0625,NA,0.038,NA,FALSE,FALSE,3.2714230361923e-05,0.000411108828214832,TRUE
"CCND2",0.0625,0.003,NA,0.013,FALSE,FALSE,0.000698126415021486,0.00404913320712462,TRUE
"CENPE",0.0625,NA,0.013,0.013,FALSE,FALSE,0.00064704405421783,0.00381149388187691,TRUE
"CHEK2",0.0625,0.01,0.038,NA,FALSE,TRUE,0.00373905292999117,0.0159628056747286,TRUE
"CRMP1",0.0625,NA,0.063,0.02,FALSE,FALSE,0.00033837273860538,0.00260339841743323,TRUE
"DNMT3A",0.0625,0.014,0.038,0.013,FALSE,TRUE,0.068150458429472,0.124721955475296,FALSE
"EP300",0.0625,0.024,0.063,0.02,FALSE,TRUE,0.134314975793323,0.20336042519712,FALSE
"ERBB2",0.0625,0.024,0.139,0.033,FALSE,TRUE,0.000205570236461043,0.00168478215534377,TRUE
"ERBB3",0.0625,0.042,0.025,0.033,FALSE,TRUE,0.672751001455584,0.714442612813395,FALSE
"ERBB4",0.0625,0.063,0.177,0.099,FALSE,TRUE,0.012932229719691,0.0442295012778627,TRUE
"FOXL2",0.0625,0.014,NA,0.013,FALSE,FALSE,0.0234259778534952,0.0604903674710116,FALSE
"GNAQ",0.0625,NA,NA,0.013,FALSE,TRUE,0.000102680701202426,0.00110601783866614,TRUE
"GNAS",0.0625,0.01,0.063,0.02,FALSE,FALSE,0.0122962823945624,0.0429231339143522,TRUE
"GRIN1",0.0625,NA,NA,0.007,FALSE,FALSE,1.80123221345183e-05,0.000280440902985692,TRUE
"GRIN2A",0.0625,0.024,0.038,0.046,FALSE,FALSE,0.401759695606569,0.457593369316243,FALSE
"IGSF1",0.0625,NA,0.051,0.053,FALSE,FALSE,0.00101241025875148,0.00530443653005002,TRUE
"JAK1",0.0625,0.021,0.013,0.013,FALSE,TRUE,0.129850712699886,0.197394026967165,FALSE
"KDM5C",0.0625,0.007,NA,NA,FALSE,FALSE,0.000194474879109602,0.00166629612328,TRUE
"KDM6A",0.0625,0.014,0.051,0.013,TRUE,TRUE,0.0373354305130459,0.0847919114663754,FALSE
"KMT2A",0.0625,0.063,0.063,0.04,FALSE,TRUE,0.778737997280984,0.811006146339588,FALSE
"MGMT",0.0625,NA,NA,NA,FALSE,TRUE,4.15797217815512e-07,1.11968250797463e-05,TRUE
"MMP17",0.0625,NA,0.013,0.007,FALSE,FALSE,0.000174983550876762,0.00157068568286998,TRUE
"MMP9",0.0625,NA,0.038,0.007,FALSE,FALSE,0.000281465179723924,0.00225771005863658,TRUE
"MTOR",0.0625,0.017,0.076,0.02,FALSE,TRUE,0.0188754598667547,0.0531048385803472,FALSE
"NOTCH2",0.0625,0.017,0.013,0.007,FALSE,TRUE,0.0474891334059557,0.0922855839899243,FALSE
"NOTCH3",0.0625,0.031,0.038,0.013,FALSE,FALSE,0.272283775313977,0.347383640474761,FALSE
"PAK3",0.0625,NA,0.013,NA,FALSE,FALSE,1.16810082937387e-05,0.000200170005760886,TRUE
"PDGFD",0.0625,NA,0.013,0.02,FALSE,FALSE,0.00143359468813413,0.00692904099264831,TRUE
"PIK3CG",0.0625,0.021,0.013,0.026,FALSE,FALSE,0.239827299121085,0.321761180671349,FALSE
"RPTOR",0.0625,0.014,0.038,NA,FALSE,FALSE,0.00997764739356517,0.0361689718016737,TRUE
"SMARCA4",0.0625,0.073,0.051,0.066,FALSE,TRUE,0.91641991112104,0.931240718308981,FALSE
"SMARCB1",0.0625,0.007,0.038,0.013,FALSE,TRUE,0.0142393189011473,0.0470896774187063,TRUE
"SOX2",0.0625,0.01,0.013,0.007,TRUE,FALSE,0.0138904901015137,0.046342608568767,TRUE
"AKT2",0.046875,0.01,0.013,NA,FALSE,TRUE,0.0352541071462236,0.0815386404547627,FALSE
"AMER1",0.046875,0.024,0.025,NA,FALSE,TRUE,0.129646643390814,0.197394026967165,FALSE
"ATAD2B",0.046875,NA,0.025,NA,FALSE,FALSE,0.000606068690513725,0.00381149388187691,TRUE
"ATM",0.046875,0.038,0.114,0.02,FALSE,FALSE,0.0099155776562976,0.0361689718016737,TRUE
"ATR",0.046875,0.035,0.038,0.02,FALSE,TRUE,0.731523284299006,0.770347145756216,FALSE
"CACNA1S",0.046875,NA,0.038,0.007,FALSE,FALSE,0.00213681890241371,0.00982415519768255,TRUE
"CDH1",0.046875,0.01,0.013,0.026,FALSE,TRUE,0.208738588682888,0.293635999751675,FALSE
"CDK8",0.046875,0.007,NA,0.007,FALSE,TRUE,0.022785262822111,0.0592416833374887,FALSE
"CIC",0.046875,0.035,0.063,0.02,FALSE,FALSE,0.394492904435547,0.452048100219457,FALSE
"CRLF2",0.046875,NA,0.013,NA,FALSE,FALSE,0.000385666133909363,0.00274332325441188,TRUE
"DSPP",0.046875,NA,0.038,0.013,FALSE,FALSE,0.00555170415302905,0.022505295330021,TRUE
"EPHB1",0.046875,0.045,0.063,0.046,FALSE,FALSE,0.927381004612452,0.934819889676189,FALSE
"FANCD2",0.046875,NA,0.051,0.02,FALSE,TRUE,0.00342281033374453,0.015361898759782,TRUE
"FANCM",0.046875,NA,0.076,0.026,FALSE,FALSE,0.000294286492066068,0.00231137515643558,TRUE
"FGF14",0.046875,NA,0.025,NA,FALSE,FALSE,0.000606068690513725,0.00381149388187691,TRUE
"FGF19",0.046875,0.01,NA,NA,FALSE,TRUE,0.0117238545288219,0.0413074126856621,TRUE
"FGFR1",0.046875,0.007,NA,0.007,FALSE,FALSE,0.022785262822111,0.0592416833374887,FALSE
"FLNA",0.046875,NA,0.025,0.013,FALSE,FALSE,0.0106281505293928,0.0378001202790667,TRUE
"FLT1",0.046875,0.031,0.038,0.007,FALSE,FALSE,0.291720032822226,0.352495039660189,FALSE
"GRIN2B",0.046875,NA,0.051,0.033,FALSE,FALSE,0.00484232739843711,0.0199786706206832,TRUE
"HNRNPU",0.046875,NA,0.013,0.007,FALSE,FALSE,0.00376840770570517,0.0159628056747286,TRUE
"IGF1R",0.046875,0.021,0.038,0.026,FALSE,FALSE,0.639120294784531,0.682573232673565,FALSE
"IGFBP5",0.046875,NA,NA,0.007,FALSE,FALSE,0.000635165865605893,0.00381149388187691,TRUE
"IRS2",0.046875,0.021,0.038,0.013,FALSE,TRUE,0.396302643258705,0.45274574699555,FALSE
"JAK2",0.046875,0.017,0.013,0.007,FALSE,FALSE,0.225190812963922,0.305384663623736,FALSE
"JPH2",0.046875,NA,0.038,0.007,FALSE,FALSE,0.00213681890241371,0.00982415519768255,TRUE
"KDM5A",0.046875,0.021,0.025,0.007,FALSE,TRUE,0.30491858945047,0.367266160456316,FALSE
"KDR",0.046875,0.017,0.013,0.013,FALSE,TRUE,0.359055822466655,0.423360156904157,FALSE
"LHX2",0.046875,NA,NA,NA,FALSE,FALSE,2.14870330940384e-05,0.000308820606601642,TRUE
"LHX4",0.046875,NA,0.013,NA,FALSE,FALSE,0.000385666133909363,0.00274332325441188,TRUE
"MAP3K1",0.046875,0.017,0.051,0.013,FALSE,TRUE,0.151703226892642,0.22695284340685,FALSE
"MDM2",0.046875,0.007,NA,0.007,FALSE,TRUE,0.022785262822111,0.0592416833374887,FALSE
"MED12",0.046875,0.021,0.063,0.013,FALSE,FALSE,0.0995568214975289,0.158366758247124,FALSE
"MYO5A",0.046875,NA,0.025,0.04,FALSE,FALSE,0.00759923945433398,0.0301569818345675,TRUE
"NKX2-1",0.046875,0.021,NA,NA,FALSE,TRUE,0.0401642642014743,0.0877528872634491,FALSE
"PCDH11X",0.046875,NA,0.114,0.086,FALSE,FALSE,1.95776949935066e-06,4.612994382845e-05,TRUE
"PRDM8",0.046875,NA,0.013,NA,FALSE,FALSE,0.000385666133909363,0.00274332325441188,TRUE
"RAD50",0.046875,0.014,0.038,0.013,FALSE,TRUE,0.219759085680293,0.299094495673178,FALSE
"SHH",0.046875,NA,NA,0.007,FALSE,FALSE,0.000635165865605893,0.00381149388187691,TRUE
"SIRT1",0.046875,NA,0.025,NA,FALSE,FALSE,0.000606068690513725,0.00381149388187691,TRUE
"SLIT2",0.046875,NA,0.076,0.046,FALSE,FALSE,0.000468609465876581,0.00321210488428129,TRUE
"SOS1",0.046875,0.016,NA,0.007,FALSE,TRUE,0.0968278646754837,0.158005924414835,FALSE
"SOX1",0.046875,NA,0.025,NA,FALSE,FALSE,0.000606068690513725,0.00381149388187691,TRUE
"TSHR",0.046875,0.007,0.013,0.007,FALSE,FALSE,0.0612730220338987,0.113234947582254,FALSE
"UBR4",0.046875,NA,0.089,0.04,FALSE,FALSE,0.000111189332187768,0.00115165678949889,TRUE
"UCP3",0.046875,NA,0.013,NA,FALSE,FALSE,0.000385666133909363,0.00274332325441188,TRUE
"ABL1",0.03125,0.014,0.013,0.007,FALSE,FALSE,0.587337930012372,0.636282757513403,FALSE
"ACTN4",0.03125,NA,0.038,0.013,FALSE,FALSE,0.0187021628035621,0.0531048385803472,FALSE
"ADAMTS6",0.03125,NA,0.013,0.026,FALSE,FALSE,0.0463248120996948,0.0904893998009583,FALSE
"ADGRA2",0.03125,NA,0.025,0.013,FALSE,FALSE,0.0560494958813703,0.104607227461765,FALSE
"AOX1",0.03125,NA,0.013,0.007,FALSE,FALSE,0.0504700516384344,0.0956141179280892,FALSE
"BAGE2",0.03125,NA,NA,NA,FALSE,FALSE,0.00104118913321937,0.00530443653005002,TRUE
"BAP1",0.03125,0.003,NA,0.02,FALSE,TRUE,0.0869624252724823,0.149702439852629,FALSE
"BBC3",0.03125,0.003,0.013,0.007,FALSE,FALSE,0.159455359715375,0.236988718388249,FALSE
"BLM",0.03125,0.01,NA,0.013,FALSE,FALSE,0.37243038373708,0.433352637866912,FALSE
"BMP4",0.03125,NA,NA,NA,FALSE,FALSE,0.00104118913321937,0.00530443653005002,TRUE
"BMPR2",0.03125,NA,0.025,0.007,FALSE,TRUE,0.0321869626098634,0.0751021612407144,FALSE
"BTK",0.03125,0.007,0.013,NA,FALSE,TRUE,0.145875927936432,0.21910448140253,FALSE
"C2CD3",0.03125,NA,0.038,0.007,FALSE,FALSE,0.00858745529873793,0.0330354147716755,TRUE
"CD79A",0.03125,0.008,0.025,NA,FALSE,FALSE,0.118842216893117,0.184376608101668,FALSE
"CDK12",0.03125,0.01,0.038,0.026,FALSE,TRUE,0.334144597593676,0.398647193964607,FALSE
"CDKN1B",0.03125,0.003,NA,0.02,FALSE,TRUE,0.0869624252724823,0.149702439852629,FALSE
"CHD7",0.03125,NA,0.051,0.013,FALSE,FALSE,0.00368171795103015,0.0159628056747286,TRUE
"CSF1R",0.03125,0.01,0.063,0.007,FALSE,FALSE,0.0104236088262875,0.0374257193096226,TRUE
"CTNNB1",0.03125,0.028,0.089,0.02,FALSE,TRUE,0.0391153363593993,0.0877528872634491,FALSE
"CYP21A2",0.03125,NA,0.013,0.013,FALSE,FALSE,0.0767869950713675,0.133404134294496,FALSE
"DICER1",0.03125,0.007,0.038,0.007,FALSE,TRUE,0.0991122284814491,0.158327585328417,FALSE
"DOT1L",0.03125,0.01,0.038,0.007,FALSE,FALSE,0.173172229403485,0.245435828891405,FALSE
"DPCR1",0.03125,NA,NA,NA,FALSE,FALSE,0.00104118913321937,0.00530443653005002,TRUE
"EGF",0.03125,NA,0.025,0.007,FALSE,FALSE,0.0321869626098634,0.0751021612407144,FALSE
"EGFR",0.03125,0.014,0.038,0.02,FALSE,TRUE,0.541624961074985,0.595313732726733,FALSE
"EPHA3",0.03125,0.014,0.063,0.053,FALSE,TRUE,0.0596626524997028,0.110802068928019,FALSE
"EPHB2",0.03125,NA,0.051,0.013,FALSE,FALSE,0.00368171795103015,0.0159628056747286,TRUE
"ESR1",0.03125,0.017,0.038,0.007,FALSE,FALSE,0.347436509165388,0.411897999859595,FALSE
"FANCL",0.03125,NA,NA,0.007,FALSE,FALSE,0.0164888383769535,0.0481883106055152,TRUE
"FBXO4",0.03125,NA,0.013,NA,FALSE,FALSE,0.00902328716052735,0.033350777054106,TRUE
"FGF10",0.03125,NA,NA,0.013,FALSE,FALSE,0.0295543244443015,0.0720027649734088,FALSE
"FGF23",0.03125,NA,NA,0.007,FALSE,FALSE,0.0164888383769535,0.0481883106055152,TRUE
"FGFR4",0.03125,0.003,0.025,NA,FALSE,TRUE,0.0296032588086959,0.0720027649734088,FALSE
"FLT4",0.03125,0.014,0.025,0.033,FALSE,FALSE,0.582018141610445,0.632336712931233,FALSE
"FOXA1",0.03125,0.01,0.013,NA,FALSE,FALSE,0.216894267511755,0.296264995840332,FALSE
"FOXD2",0.03125,NA,NA,NA,FALSE,FALSE,0.00104118913321937,0.00530443653005002,TRUE
"GATA2",0.03125,0.01,0.025,0.007,FALSE,TRUE,0.389069148734243,0.448649053933817,FALSE
"GNA13",0.03125,NA,0.038,NA,FALSE,FALSE,0.0013648332048301,0.00668236517170062,TRUE
"IDH1",0.03125,NA,NA,0.007,FALSE,FALSE,0.0164888383769535,0.0481883106055152,TRUE
"IL7R",0.03125,0.017,0.013,0.04,FALSE,FALSE,0.423750722890063,0.476877679192697,FALSE
"INHBA",0.03125,0.02,0.063,0.013,FALSE,FALSE,0.116439013365375,0.181394661317134,FALSE
"KCNA1",0.03125,NA,0.025,0.026,FALSE,FALSE,0.047853056524197,0.0923787717164554,FALSE
"KEAP1",0.03125,0.007,0.025,0.007,FALSE,TRUE,0.260919106818488,0.347383640474761,FALSE
"KIT",0.03125,0.007,0.038,0.013,FALSE,TRUE,0.165326347310635,0.236988718388249,FALSE
"KRAS",0.03125,0.042,0.038,0.033,FALSE,TRUE,0.958383383426665,0.963494761471608,FALSE
"LATS2",0.03125,0.01,0.038,0.013,FALSE,FALSE,0.27709689987928,0.347383640474761,FALSE
"LTBP4",0.03125,NA,0.025,0.033,FALSE,FALSE,0.0283421471517932,0.0698365325243532,FALSE
"MAP2K2",0.03125,0.014,0.013,NA,FALSE,TRUE,0.272747584209402,0.347383640474761,FALSE
"MAP2K4",0.03125,0.007,0.038,0.013,FALSE,FALSE,0.165326347310635,0.236988718388249,FALSE
"MAX",0.03125,0.003,NA,NA,FALSE,FALSE,0.0154597702454103,0.0481883106055152,TRUE
"MCL1",0.03125,NA,NA,NA,FALSE,TRUE,0.00104118913321937,0.00530443653005002,TRUE
"MET",0.03125,0.014,0.025,0.02,FALSE,TRUE,0.786376402915862,0.816704969419504,FALSE
"MITF",0.03125,0.01,NA,0.013,FALSE,TRUE,0.37243038373708,0.433352637866912,FALSE
"MMP2",0.03125,NA,0.025,0.007,FALSE,FALSE,0.0321869626098634,0.0751021612407144,FALSE
"MSH2",0.03125,0.003,NA,NA,FALSE,TRUE,0.0154597702454103,0.0481883106055152,TRUE
"MSH6",0.03125,0.007,0.051,0.02,FALSE,FALSE,0.0702111122925133,0.12725764103018,FALSE
"MX2",0.03125,NA,NA,NA,FALSE,FALSE,0.00104118913321937,0.00530443653005002,TRUE
"MYC",0.03125,0.003,NA,0.013,FALSE,TRUE,0.105503926159818,0.166422511139127,FALSE
"MYCL",0.03125,0.007,0.013,0.007,FALSE,TRUE,0.359350796311221,0.423360156904157,FALSE
"MYCN",0.03125,0.003,NA,0.007,FALSE,TRUE,0.0762228258284994,0.133404134294496,FALSE
"NACAD",0.03125,NA,0.038,NA,FALSE,FALSE,0.0013648332048301,0.00668236517170062,TRUE
"NBN",0.03125,0.007,0.025,0.013,FALSE,TRUE,0.367121189032827,0.430602718063792,FALSE
"NDRG4",0.03125,NA,NA,0.007,FALSE,FALSE,0.0164888383769535,0.0481883106055152,TRUE
"NF1",0.03125,0.049,0.063,0.033,FALSE,TRUE,0.683227083229012,0.721503110300666,FALSE
"NR2C2",0.03125,NA,0.038,0.013,FALSE,FALSE,0.0187021628035621,0.0531048385803472,FALSE
"NUP93",0.03125,0.008,0.051,NA,FALSE,FALSE,0.00803752677806058,0.0315640374513421,TRUE
"OR51B4",0.03125,NA,NA,0.007,FALSE,FALSE,0.0164888383769535,0.0481883106055152,TRUE
"OSBP",0.03125,NA,0.013,NA,FALSE,FALSE,0.00902328716052735,0.033350777054106,TRUE
"PALB2",0.03125,0.024,0.013,0.007,FALSE,FALSE,0.525700362556824,0.581199521067221,FALSE
"PAX6",0.03125,NA,0.025,NA,FALSE,FALSE,0.00603480099380522,0.0242034039857933,TRUE
"PAX7",0.03125,NA,0.013,0.007,FALSE,FALSE,0.0504700516384344,0.0956141179280892,FALSE
"PCDH11Y",0.03125,NA,0.013,0.026,FALSE,FALSE,0.0463248120996948,0.0904893998009583,FALSE
"PDGFRA",0.03125,0.01,0.025,0.02,FALSE,TRUE,0.57216303138175,0.626350926714495,FALSE
"PIK3CB",0.03125,0.007,0.025,NA,FALSE,FALSE,0.0977184678221223,0.158005924414835,FALSE
"PIK3R1",0.03125,0.003,0.051,0.04,FALSE,TRUE,0.0163219041891298,0.0481883106055152,TRUE
"PIK3R2",0.03125,0.014,0.025,NA,FALSE,TRUE,0.232092948914514,0.313616637063698,FALSE
"PMS2",0.03125,0.01,0.038,0.007,FALSE,FALSE,0.173172229403485,0.245435828891405,FALSE
"PPP2R1A",0.03125,0.017,0.025,NA,FALSE,TRUE,0.262398496832138,0.347383640474761,FALSE
"PRKAA2",0.03125,NA,0.013,0.02,FALSE,FALSE,0.0689142355764002,0.125510467692284,FALSE
"PRKAR1A",0.03125,0.003,NA,NA,FALSE,FALSE,0.0154597702454103,0.0481883106055152,TRUE
"PROP1",0.03125,NA,NA,0.007,FALSE,FALSE,0.0164888383769535,0.0481883106055152,TRUE
"PYCR1",0.03125,NA,NA,NA,FALSE,FALSE,0.00104118913321937,0.00530443653005002,TRUE
"RAD51C",0.03125,0.003,NA,NA,FALSE,FALSE,0.0154597702454103,0.0481883106055152,TRUE
"RB1",0.03125,0.014,0.025,0.007,FALSE,TRUE,0.521559261796327,0.578317181462398,FALSE
"RET",0.03125,0.031,0.051,0.02,FALSE,TRUE,0.644534790585686,0.686411344776282,FALSE
"RUBCN",0.03125,NA,0.013,0.013,FALSE,FALSE,0.0767869950713675,0.133404134294496,FALSE
"RUNX1",0.03125,0.014,NA,0.026,FALSE,TRUE,0.39033657742783,0.448649053933817,FALSE
"SDHC",0.03125,NA,NA,NA,FALSE,TRUE,0.00104118913321937,0.00530443653005002,TRUE
"SIX3",0.03125,NA,0.025,0.013,FALSE,FALSE,0.0560494958813703,0.104607227461765,FALSE
"SIX6",0.03125,NA,NA,0.007,FALSE,FALSE,0.0164888383769535,0.0481883106055152,TRUE
"SON",0.03125,NA,0.025,0.013,FALSE,FALSE,0.0560494958813703,0.104607227461765,FALSE
"SOX3",0.03125,NA,NA,0.007,FALSE,FALSE,0.0164888383769535,0.0481883106055152,TRUE
"STAT3",0.03125,0.008,0.038,0.007,FALSE,TRUE,0.122184432380509,0.188784963145295,FALSE
"STK11",0.03125,0.031,0.013,0.007,FALSE,FALSE,0.367782692882071,0.430602718063792,FALSE
"SUPV3L1",0.03125,NA,NA,0.007,FALSE,FALSE,0.0164888383769535,0.0481883106055152,TRUE
"TGFBR2",0.03125,0.014,0.063,0.007,FALSE,TRUE,0.0251942098561941,0.0646137218760897,FALSE
"TRIOBP",0.03125,NA,0.076,0.02,FALSE,FALSE,0.000184417897800354,0.0016168731969938,TRUE
"WT1",0.03125,0.007,0.038,0.013,FALSE,TRUE,0.165326347310635,0.236988718388249,FALSE
"ZFHX4",0.03125,NA,0.139,0.119,FALSE,FALSE,6.25977646054731e-09,3.63274804180968e-07,TRUE
"ZNF217",0.03125,NA,0.025,0.007,FALSE,FALSE,0.0321869626098634,0.0751021612407144,FALSE
"ZNF276",0.03125,NA,0.013,NA,FALSE,FALSE,0.00902328716052735,0.033350777054106,TRUE
"ZNF717",0.03125,NA,0.013,NA,FALSE,FALSE,0.00902328716052735,0.033350777054106,TRUE
"",0.015625,NA,NA,NA,FALSE,FALSE,0.044458359329758,0.0877528872634491,FALSE
"ACTN3",0.015625,NA,0.013,NA,FALSE,FALSE,0.0984917565981065,0.158005924414835,FALSE
"AHR",0.015625,NA,NA,0.02,FALSE,FALSE,0.0719845352924968,0.128010234930525,FALSE
"AKT1",0.015625,NA,0.013,NA,FALSE,FALSE,0.0984917565981065,0.158005924414835,FALSE
"ANOS1",0.015625,NA,0.013,NA,FALSE,FALSE,0.0984917565981065,0.158005924414835,FALSE
"ARAF",0.015625,0.003,0.025,NA,FALSE,FALSE,0.0922755478609396,0.157926197833114,FALSE
"ARMC5",0.015625,NA,0.013,0.007,FALSE,FALSE,0.286568467341249,0.347383640474761,FALSE
"AURKA",0.015625,0.003,0.013,0.013,FALSE,TRUE,0.573185861316978,0.626350926714495,FALSE
"AXL",0.015625,0.014,0.025,0.013,FALSE,TRUE,0.902343382052605,0.919414743334681,FALSE
"BAX",0.015625,NA,0.025,NA,FALSE,TRUE,0.0208412754342901,0.0557245449555131,FALSE
"BCL2",0.015625,0.003,NA,NA,FALSE,FALSE,0.279800790345108,0.347383640474761,FALSE
"BCL6",0.015625,0.007,0.025,NA,FALSE,FALSE,0.233980277863312,0.31503773126596,FALSE
"BMP8A",0.015625,NA,NA,NA,FALSE,FALSE,0.044458359329758,0.0877528872634491,FALSE
"BMP8B",0.015625,NA,0.013,NA,FALSE,FALSE,0.0984917565981065,0.158005924414835,FALSE
"CACNA1I",0.015625,NA,0.063,0.013,FALSE,FALSE,0.000396368121671163,0.00276723670129682,TRUE
"CCNE1",0.015625,0.007,0.025,0.007,FALSE,TRUE,0.513273179246569,0.570808225887777,FALSE
"CCR10",0.015625,NA,NA,NA,FALSE,FALSE,0.044458359329758,0.0877528872634491,FALSE
"CDK2AP1",0.015625,NA,NA,0.007,FALSE,FALSE,0.216727892713011,0.296264995840332,FALSE
"CDK4",0.015625,0.003,NA,NA,FALSE,TRUE,0.279800790345108,0.347383640474761,FALSE
"CDK6",0.015625,0.003,0.013,0.007,FALSE,TRUE,0.614730329423704,0.660265909381016,FALSE
"CHEK1",0.015625,NA,NA,NA,FALSE,FALSE,0.044458359329758,0.0877528872634491,FALSE
"CHEK2P2",0.015625,NA,NA,NA,FALSE,FALSE,0.044458359329758,0.0877528872634491,FALSE
"CSK",0.015625,NA,NA,0.013,FALSE,FALSE,0.163429121817424,0.236988718388249,FALSE
"CTNNA2",0.015625,NA,0.051,0.073,FALSE,FALSE,7.86175867429884e-05,0.000926213443815832,TRUE
"DBF4",0.015625,NA,0.013,0.013,FALSE,FALSE,0.265946081598625,0.347383640474761,FALSE
"DPYSL2",0.015625,NA,0.013,0.007,FALSE,FALSE,0.286568467341249,0.347383640474761,FALSE
"EPAS1",0.015625,0.005,0.025,0.007,FALSE,TRUE,0.389541490787225,0.448649053933817,FALSE
"EPHA2",0.015625,NA,0.038,0.026,FALSE,TRUE,0.0273173796022363,0.0682029941062457,FALSE
"EPHB4",0.015625,NA,0.013,0.007,FALSE,FALSE,0.286568467341249,0.347383640474761,FALSE
"FANCA",0.015625,0.014,0.025,0.013,FALSE,FALSE,0.902343382052605,0.919414743334681,FALSE
"FGF6",0.015625,NA,0.013,0.007,FALSE,FALSE,0.286568467341249,0.347383640474761,FALSE
"FGF8",0.015625,NA,0.013,0.007,FALSE,FALSE,0.286568467341249,0.347383640474761,FALSE
"FGFR2",0.015625,0.007,NA,0.007,FALSE,TRUE,0.742916321430393,0.775843360607363,FALSE
"FGFR3",0.015625,0.014,NA,NA,FALSE,TRUE,0.343061424531912,0.407994186272968,FALSE
"FH",0.015625,0.003,NA,NA,FALSE,TRUE,0.279800790345108,0.347383640474761,FALSE
"FOXD4",0.015625,NA,NA,NA,FALSE,FALSE,0.044458359329758,0.0877528872634491,FALSE
"FOXD4L1",0.015625,NA,NA,0.02,FALSE,FALSE,0.0719845352924968,0.128010234930525,FALSE
"FOXE1",0.015625,NA,NA,NA,FALSE,FALSE,0.044458359329758,0.0877528872634491,FALSE
"FOXG1",0.015625,NA,0.089,0.026,FALSE,FALSE,1.85968768558151e-05,0.000280440902985692,TRUE
"FOXS1",0.015625,NA,NA,0.007,FALSE,FALSE,0.216727892713011,0.296264995840332,FALSE
"GATA3",0.015625,0.024,0.038,0.007,FALSE,FALSE,0.420564584713492,0.47613467999095,FALSE
"GHR",0.015625,NA,0.013,0.013,FALSE,FALSE,0.265946081598625,0.347383640474761,FALSE
"GID4",0.015625,NA,NA,NA,FALSE,FALSE,0.044458359329758,0.0877528872634491,FALSE
"GLI1",0.015625,0.016,0.025,0.013,TRUE,FALSE,0.924230648118877,0.934796003810859,FALSE
"GNA11",0.015625,0.003,NA,NA,FALSE,TRUE,0.279800790345108,0.347383640474761,FALSE
"GNRHR",0.015625,NA,NA,NA,FALSE,FALSE,0.044458359329758,0.0877528872634491,FALSE
"GREM2",0.015625,NA,NA,0.007,FALSE,FALSE,0.216727892713011,0.296264995840332,FALSE
"GSK3B",0.015625,NA,0.025,NA,FALSE,FALSE,0.0208412754342901,0.0557245449555131,FALSE
"HESX1",0.015625,NA,NA,NA,FALSE,FALSE,0.044458359329758,0.0877528872634491,FALSE
"HGF",0.015625,0.014,0.013,0.02,FALSE,FALSE,0.965072876507737,0.967639559689939,FALSE
"HIF1A",0.015625,NA,0.038,0.007,FALSE,TRUE,0.0131397987881184,0.0442295012778627,TRUE
"HNF1B",0.015625,NA,NA,0.007,FALSE,FALSE,0.216727892713011,0.296264995840332,FALSE
"HOXB13",0.015625,0.004,NA,0.013,FALSE,FALSE,0.499912272798643,0.557594458121563,FALSE
"HRAS",0.015625,NA,NA,0.007,FALSE,FALSE,0.216727892713011,0.296264995840332,FALSE
"HSP90AA1",0.015625,NA,0.013,0.007,FALSE,FALSE,0.286568467341249,0.347383640474761,FALSE
"JAK3",0.015625,0.01,0.063,0.013,FALSE,FALSE,0.0188227929526126,0.0531048385803472,FALSE
"KCNA4",0.015625,NA,0.038,0.02,FALSE,FALSE,0.032272016236063,0.0751021612407144,FALSE
"KCNA6",0.015625,NA,0.025,0.013,FALSE,FALSE,0.124809222411128,0.191272670117867,FALSE
"KDM5D",0.015625,NA,NA,NA,FALSE,FALSE,0.044458359329758,0.0877528872634491,FALSE
"KIF1B",0.015625,NA,0.025,0.02,FALSE,FALSE,0.102221024693928,0.161921539116012,FALSE
"LGALS3",0.015625,NA,NA,NA,FALSE,FALSE,0.044458359329758,0.0877528872634491,FALSE
"MAN1A1",0.015625,NA,0.025,NA,FALSE,FALSE,0.0208412754342901,0.0557245449555131,FALSE
"MAP2K1",0.015625,NA,0.013,NA,FALSE,FALSE,0.0984917565981065,0.158005924414835,FALSE
"MAPK1",0.015625,NA,NA,NA,FALSE,FALSE,0.044458359329758,0.0877528872634491,FALSE
"MDM4",0.015625,0.003,0.013,0.007,FALSE,TRUE,0.614730329423704,0.660265909381016,FALSE
"MEF2B",0.015625,0.01,NA,NA,FALSE,FALSE,0.42286365740607,0.476877679192697,FALSE
"MEN1",0.015625,0.017,NA,0.007,FALSE,FALSE,0.58009997126613,0.632074246148356,FALSE
"MRAS",0.015625,NA,NA,NA,FALSE,FALSE,0.044458359329758,0.0877528872634491,FALSE
"MRE11",0.015625,0.003,0.013,NA,FALSE,FALSE,0.324006843054732,0.387779618513123,FALSE
"MUTYH",0.015625,0.007,0.013,0.013,FALSE,FALSE,0.885813318224072,0.909949920900477,FALSE
"NCAM1",0.015625,NA,0.038,0.013,FALSE,FALSE,0.0264744641061785,0.0669857246176462,FALSE
"NFE2L1",0.015625,NA,0.013,0.007,FALSE,FALSE,0.286568467341249,0.347383640474761,FALSE
"NFE2L2",0.015625,0.007,0.013,0.013,FALSE,FALSE,0.885813318224072,0.909949920900477,FALSE
"NFKBIA",0.015625,NA,NA,NA,FALSE,FALSE,0.044458359329758,0.0877528872634491,FALSE
"NKX2-2",0.015625,NA,NA,0.02,FALSE,FALSE,0.0719845352924968,0.128010234930525,FALSE
"NKX3-1",0.015625,0.003,NA,NA,FALSE,FALSE,0.279800790345108,0.347383640474761,FALSE
"NR3C1",0.015625,NA,0.013,0.007,FALSE,FALSE,0.286568467341249,0.347383640474761,FALSE
"NTRK1",0.015625,0.014,0.025,0.026,FALSE,TRUE,0.805829652310751,0.83460928275042,FALSE
"OCLN",0.015625,NA,0.025,NA,FALSE,FALSE,0.0208412754342901,0.0557245449555131,FALSE
"OGDHL",0.015625,NA,0.038,0.02,FALSE,FALSE,0.032272016236063,0.0751021612407144,FALSE
"OTX2",0.015625,NA,0.025,0.007,FALSE,FALSE,0.0925774263159634,0.157926197833114,FALSE
"PALLD",0.015625,NA,0.038,0.02,FALSE,FALSE,0.032272016236063,0.0751021612407144,FALSE
"PAX2",0.015625,NA,NA,0.013,FALSE,FALSE,0.163429121817424,0.236988718388249,FALSE
"PAX5",0.015625,0.003,NA,0.013,FALSE,FALSE,0.417975327100458,0.474628609388171,FALSE
"PBRM1",0.015625,0.038,0.051,0.026,FALSE,TRUE,0.619927130290003,0.663956045793554,FALSE
"PIM1",0.015625,NA,NA,NA,FALSE,FALSE,0.044458359329758,0.0877528872634491,FALSE
"POU1F1",0.015625,NA,NA,0.013,FALSE,FALSE,0.163429121817424,0.236988718388249,FALSE
"PPIE",0.015625,NA,0.013,NA,FALSE,FALSE,0.0984917565981065,0.158005924414835,FALSE
"PRB3",0.015625,NA,0.038,NA,FALSE,FALSE,0.00190588408477855,0.0089814787495189,TRUE
"PRB4",0.015625,NA,0.025,0.013,FALSE,FALSE,0.124809222411128,0.191272670117867,FALSE
"PRKG1",0.015625,NA,0.025,NA,FALSE,FALSE,0.0208412754342901,0.0557245449555131,FALSE
"PROCA1",0.015625,NA,0.013,0.007,FALSE,FALSE,0.286568467341249,0.347383640474761,FALSE
"PTCH1",0.015625,0.024,0.038,0.02,FALSE,FALSE,0.811410291048918,0.838086793768334,FALSE
"PTGS2",0.015625,NA,NA,0.013,FALSE,FALSE,0.163429121817424,0.236988718388249,FALSE
"RAB18",0.015625,NA,NA,NA,FALSE,FALSE,0.044458359329758,0.0877528872634491,FALSE
"RAB1A",0.015625,NA,NA,NA,FALSE,FALSE,0.044458359329758,0.0877528872634491,FALSE
"RARA",0.015625,0.007,NA,0.007,FALSE,FALSE,0.742916321430393,0.775843360607363,FALSE
"RARS",0.015625,NA,NA,NA,FALSE,FALSE,0.044458359329758,0.0877528872634491,FALSE
"REEP5",0.015625,NA,NA,NA,FALSE,FALSE,0.044458359329758,0.0877528872634491,FALSE
"RICTOR",0.015625,0.003,0.013,0.007,FALSE,TRUE,0.614730329423704,0.660265909381016,FALSE
"ROR1",0.015625,NA,NA,0.007,FALSE,FALSE,0.216727892713011,0.296264995840332,FALSE
"RPA1",0.015625,NA,0.038,NA,FALSE,FALSE,0.00190588408477855,0.0089814787495189,TRUE
"RUNX3",0.015625,NA,NA,0.02,FALSE,FALSE,0.0719845352924968,0.128010234930525,FALSE
"RXRG",0.015625,NA,NA,0.013,FALSE,FALSE,0.163429121817424,0.236988718388249,FALSE
"SDHB",0.015625,0.003,NA,NA,FALSE,FALSE,0.279800790345108,0.347383640474761,FALSE
"SETD2",0.015625,0.024,0.013,0.02,FALSE,FALSE,0.924877743823476,0.934796003810859,FALSE
"SF3B1",0.015625,0.01,0.013,0.013,FALSE,TRUE,0.979502640649052,0.979502640649052,FALSE
"SH2B3",0.015625,0.016,0.025,NA,FALSE,FALSE,0.375576790297598,0.435669076745213,FALSE
"SKI",0.015625,NA,0.013,0.007,FALSE,FALSE,0.286568467341249,0.347383640474761,FALSE
"SMAD2",0.015625,0.007,NA,0.007,FALSE,TRUE,0.742916321430393,0.775843360607363,FALSE
"SMARCA2",0.015625,NA,0.038,0.033,FALSE,FALSE,0.017256106443409,0.0500427086858861,FALSE
"SNIP1",0.015625,NA,0.013,NA,FALSE,FALSE,0.0984917565981065,0.158005924414835,FALSE
"SORT1",0.015625,NA,NA,0.007,FALSE,FALSE,0.216727892713011,0.296264995840332,FALSE
"SPANXN1",0.015625,NA,0.013,0.007,FALSE,FALSE,0.286568467341249,0.347383640474761,FALSE
"SPOP",0.015625,0.007,NA,NA,FALSE,FALSE,0.433713561198886,0.486636942178512,FALSE
"SRC",0.015625,0.003,NA,NA,FALSE,TRUE,0.279800790345108,0.347383640474761,FALSE
"SRP9",0.015625,NA,NA,NA,FALSE,FALSE,0.044458359329758,0.0877528872634491,FALSE
"TBXAS1",0.015625,NA,0.013,NA,FALSE,FALSE,0.0984917565981065,0.158005924414835,FALSE
"TCF7L1",0.015625,NA,NA,NA,FALSE,FALSE,0.044458359329758,0.0877528872634491,FALSE
"TFG",0.015625,NA,0.013,0.026,FALSE,FALSE,0.0756196075166962,0.133217719784086,FALSE
"TH",0.015625,NA,0.025,NA,FALSE,FALSE,0.0208412754342901,0.0557245449555131,FALSE
"TMEM43",0.015625,NA,0.013,0.013,FALSE,FALSE,0.265946081598625,0.347383640474761,FALSE
"TNFAIP3",0.015625,0.003,0.063,0.007,FALSE,FALSE,0.000622549525969663,0.00381149388187691,TRUE
"TNFRSF14",0.015625,0.003,NA,NA,FALSE,FALSE,0.279800790345108,0.347383640474761,FALSE
"TNRC6A",0.015625,NA,0.025,0.026,FALSE,FALSE,0.0650032112664545,0.119542490963187,FALSE
"TOP2A",0.015625,NA,0.051,NA,FALSE,FALSE,0.000124435923249674,0.00120288059141351,TRUE
"TPM4",0.015625,NA,NA,NA,FALSE,FALSE,0.044458359329758,0.0877528872634491,FALSE
"TPMT",0.015625,NA,0.013,0.007,FALSE,FALSE,0.286568467341249,0.347383640474761,FALSE
"TRAF7",0.015625,0.003,NA,0.007,FALSE,TRUE,0.534067212398883,0.588723213667774,FALSE
"TSHB",0.015625,NA,0.013,NA,FALSE,FALSE,0.0984917565981065,0.158005924414835,FALSE
"U2AF1",0.015625,0.003,NA,NA,FALSE,FALSE,0.279800790345108,0.347383640474761,FALSE
"UGT2B7",0.015625,NA,NA,0.013,FALSE,FALSE,0.163429121817424,0.236988718388249,FALSE
"WIF1",0.015625,NA,0.013,NA,FALSE,FALSE,0.0984917565981065,0.158005924414835,FALSE
"WNT7B",0.015625,NA,0.038,0.013,FALSE,FALSE,0.0264744641061785,0.0669857246176462,FALSE
"WNT9A",0.015625,NA,0.013,NA,FALSE,FALSE,0.0984917565981065,0.158005924414835,FALSE
"ZNF384",0.015625,NA,0.038,0.007,FALSE,FALSE,0.0131397987881184,0.0442295012778627,TRUE
"ZNF703",0.015625,NA,0.013,0.007,FALSE,FALSE,0.286568467341249,0.347383640474761,FALSE
